SALE TYPE,SOLD DATE,PROPERTY TYPE,ADDRESS,CITY,STATE OR PROVINCE,ZIP OR POSTAL CODE,PRICE,BEDS,BATHS,LOCATION,SQUARE FEET,LOT SIZE,YEAR BUILT,DAYS ON MARKET,$/SQUARE FEET,HOA/MONTH,STATUS,NEXT OPEN HOUSE START TIME,NEXT OPEN HOUSE END TIME,URL (SEE https://www.redfin.com/buy-a-home/comparative-market-analysis FOR INFO ON PRICING),SOURCE,MLS#,FAVORITE,INTERESTED,LATITUDE,LONGITUDE
"In accordance with local MLS rules, some MLS listings are not included in the download"
PAST SALE,June-9-2025,Condo/Co-op,12505 NE 116th St Unit A10,Kirkland,WA,98034,407000,2,1.0,North Rose Hill,923,,1980,,441,489,Sold,,,https://www.redfin.com/WA/Kirkland/12505-NE-116th-St-98034/unit-A10/home/56104,NWMLS as Distributed by MLS Grid,2391648,N,Y,47.7035535,-122.1738674
PAST SALE,August-15-2025,Condo/Co-op,935 1st St S #4,Kirkland,WA,98033,1300000,2,1.0,Kirkland,1065,,1963,,1221,475,Sold,,,https://www.redfin.com/WA/Kirkland/935-1st-St-S-98033/unit-4/home/21647,NWMLS as Distributed by MLS Grid,2409221,N,Y,47.668248,-122.2061295
PAST SALE,October-8-2025,Single Family Residential,1536 NE 95th St,Seattle,WA,98115,825000,3,2.0,Maple Leaf,1690,5080,1941,,488,,Sold,,,https://www.redfin.com/WA/Seattle/1536-NE-95th-St-98115/home/106686,NWMLS as Distributed by MLS Grid,2443323,N,Y,47.6978745,-122.3104317
PAST SALE,October-8-2025,Townhouse,4295 Stossel Ave,Carnation,WA,98014,819900,4,2.5,Downtown Carnation,1685,1937,2025,,487,150,Sold,,,https://www.redfin.com/WA/Carnation/4295-Stossel-Ave-98014/home/197770940,NWMLS as Distributed by MLS Grid,2430435,N,Y,47.646673,-121.912417
PAST SALE,August-18-2025,Vacant Land,0 xxx 174th Ave NE,Woodinville,WA,98072,100000,,,Woodinville,,108029,,,,,Sold,,,https://www.redfin.com/WA/Woodinville/0-xxx-174th-Ave-NE-98072/home/197284151,NWMLS as Distributed by MLS Grid,2423636,N,Y,47.741672,-122.107456
PAST SALE,June-18-2025,Single Family Residential,28424 50th,Auburn,WA,98001,470000,6,2.0,Auburn,1670,10000,1963,,281,,Sold,,,https://www.redfin.com/WA/Auburn/28424-50th-Ave-S-98001/home/208770,NWMLS as Distributed by MLS Grid,2398234,N,Y,47.3463813,-122.2709925
PAST SALE,August-19-2025,Townhouse,1855 Trossachs Blvd SE #2702,Sammamish,WA,98075,565000,2,2.0,Trossachs,1088,,2003,,519,608,Sold,,,https://www.redfin.com/WA/Sammamish/1855-Trossachs-Blvd-SE-98075/unit-2702/home/22823,NWMLS as Distributed by MLS Grid,2423249,N,Y,47.592002,-121.97913
PAST SALE,May-19-2025,Single Family Residential,14925 SE 308th St,Kent,WA,98042,480000,3,1.0,Kent,1200,9750,1968,,400,,Sold,,,https://www.redfin.com/WA/Kent/14925-SE-308th-St-98042/home/381291,NWMLS as Distributed by MLS Grid,2386421,N,Y,47.3256672,-122.1420994
PAST SALE,August-29-2025,Single Family Residential,4712 S Angeline St,Seattle,WA,98118,775000,2,1.0,Seward Park,1490,3840,1908,,520,,Sold,,,https://www.redfin.com/WA/Seattle/4712-S-Angeline-St-98118/home/492487,NWMLS as Distributed by MLS Grid,2427950,N,Y,47.5595575,-122.2737221
PAST SALE,June-27-2025,Townhouse,6547 5th Ave NE Unit B,Seattle,WA,98115,779975,3,2.0,Green Lake,1200,1012,1999,,650,,Sold,,,https://www.redfin.com/WA/Seattle/6547-5th-Ave-NE-98115/unit-B/home/307575,NWMLS as Distributed by MLS Grid,2370967,N,Y,47.6770209,-122.324456
PAST SALE,September-17-2025,Single Family Residential,26707 NE 144th Ct,Duvall,WA,98019,899000,5,3.0,Duvall,2750,5465,2012,,327,54,Sold,,,https://www.redfin.com/WA/Duvall/26707-NE-144th-Ct-98019/home/22413300,NWMLS as Distributed by MLS Grid,2415859,N,Y,47.7318317,-121.9812926
PAST SALE,October-21-2025,Single Family Residential,4066 138th Ave SE,Bellevue,WA,98006,1213000,3,2.0,Somerset,1300,10734,1966,,933,,Sold,,,https://www.redfin.com/WA/Bellevue/4066-138th-Ave-SE-98006/home/233571,NWMLS as Distributed by MLS Grid,2434074,N,Y,47.572744,-122.1563046
PAST SALE,June-30-2025,Townhouse,30144 36th Pl S,Auburn,WA,98001,550000,3,2.5,Lake Dolloff,1520,3000,2001,,362,,Sold,,,https://www.redfin.com/WA/Auburn/30144-36th-Pl-S-98001/home/210731,NWMLS as Distributed by MLS Grid,2381457,N,Y,47.3314454,-122.2870175
PAST SALE,July-8-2025,Single Family Residential,1537 246th Ave NE,Sammamish,WA,98074,1600000,3,2.5,Sammamish,2280,4401,2017,,702,88,Sold,,,https://www.redfin.com/WA/Sammamish/1537-246th-Ave-NE-98074/home/106725276,NWMLS as Distributed by MLS Grid,2386754,N,Y,47.6233656,-122.0114125
PAST SALE,October-30-2025,Single Family Residential,6020 S 302nd St,Auburn,WA,98001,900000,5,3.0,West Hill,3333,6980,2017,,270,40,Sold,,,https://www.redfin.com/WA/Auburn/6020-S-302nd-St-98001/home/106725499,NWMLS as Distributed by MLS Grid,2432115,N,Y,47.3309972,-122.2599619
PAST SALE,October-24-2025,Single Family Residential,21819 92nd Ave S,Kent,WA,98031,599995,4,2.5,Kent,3560,10475,1984,,169,,Sold,,,https://www.redfin.com/WA/Kent/21819-92nd-Ave-S-98031/home/398114,NWMLS as Distributed by MLS Grid,2431739,N,Y,47.4052902,-122.2182503
PAST SALE,October-7-2025,Single Family Residential,9052 Evanston Ave N,Seattle,WA,98103,875000,3,1.0,Greenwood,2114,5382,1932,,414,,Sold,,,https://www.redfin.com/WA/Seattle/9052-Evanston-Ave-N-98103/home/99728,NWMLS as Distributed by MLS Grid,2427942,N,Y,47.6958624,-122.3509634
PAST SALE,August-19-2025,Single Family Residential,13810 SE 51st Pl,Bellevue,WA,98006,1960000,4,3.0,Bellevue,3280,10800,1986,,598,,Sold,,,https://www.redfin.com/WA/Bellevue/13810-SE-51st-Pl-98006/home/239900,NWMLS as Distributed by MLS Grid,2401684,N,Y,47.5566909,-122.1554956
PAST SALE,September-10-2025,Single Family Residential,5037 36th Ave NE,Seattle,WA,98105,750000,2,1.0,Bryant,1480,4000,1940,,507,,Sold,,,https://www.redfin.com/WA/Seattle/5037-36th-Ave-NE-98105/home/314511,NWMLS as Distributed by MLS Grid,2404165,N,Y,47.6660048,-122.289368
PAST SALE,September-30-2025,Single Family Residential,2545 36th Ave W,Seattle,WA,98199,1000000,2,1.0,Magnolia,2090,7684,1940,,478,,Sold,,,https://www.redfin.com/WA/Seattle/2545-36th-Ave-W-98199/home/129089,NWMLS as Distributed by MLS Grid,2408581,N,Y,47.6429401,-122.4039888
PAST SALE,August-14-2025,Single Family Residential,3903 W Emerson St,Seattle,WA,98199,1025000,5,3.0,Seattle,1640,5916,1957,,625,,Sold,,,https://www.redfin.com/WA/Seattle/3903-W-Emerson-St-98199/home/127595,NWMLS as Distributed by MLS Grid,2410480,N,Y,47.6538884,-122.4071012
PAST SALE,June-11-2025,Single Family Residential,2247 SW 330th St,Federal Way,WA,98023,479950,3,1.0,Twin Lakes,970,8400,1962,,495,,Sold,,,https://www.redfin.com/WA/Federal-Way/2247-SW-330th-St-98023/home/353747,NWMLS as Distributed by MLS Grid,2370917,N,Y,47.306313,-122.363973
PAST SALE,May-16-2025,Mobile/Manufactured Home,12711 NE 190th St,Bothell,WA,98011,490000,3,2.0,North Creek,1510,4470,1996,,325,25,Sold,,,https://www.redfin.com/WA/Bothell/12711-NE-190th-St-98011/home/59704923,NWMLS as Distributed by MLS Grid,2363241,N,Y,47.7646044,-122.1709837
PAST SALE,June-20-2025,Single Family Residential,16009 12th Ave SW,Burien,WA,98166,700000,3,2.0,Gregory Heights,1510,7620,1947,,464,,Sold,,,https://www.redfin.com/WA/Burien/16009-12th-Ave-SW-98166/home/186443,NWMLS as Distributed by MLS Grid,2376554,N,Y,47.4593119,-122.3501298
PAST SALE,July-29-2025,Single Family Residential,4500 52nd Ave SW,Seattle,WA,98116,2810000,4,3.5,Genesee,3890,7188,2005,,722,,Sold,,,https://www.redfin.com/WA/Seattle/4500-52nd-Ave-SW-98116/home/152789,NWMLS as Distributed by MLS Grid,2393703,N,Y,47.562855,-122.3985876
PAST SALE,August-29-2025,Single Family Residential,5106 NE 23rd St,Renton,WA,98059,880000,3,2.0,Summerwind,1850,7225,1989,,476,31,Sold,,,https://www.redfin.com/WA/Renton/5106-NE-23rd-St-98059/home/409785,NWMLS as Distributed by MLS Grid,2413577,N,Y,47.5123409,-122.1508048
PAST SALE,June-3-2025,Single Family Residential,12871 SE 262nd Pl,Kent,WA,98030,685000,4,2.5,East Hill,1790,6844,1991,,383,30,Sold,,,https://www.redfin.com/WA/Kent/12871-SE-262nd-Pl-98030/home/398819,NWMLS as Distributed by MLS Grid,2369709,N,Y,47.3664734,-122.1699351
PAST SALE,October-9-2025,Townhouse,1829 SW 318th Pl Unit 33B,Federal Way,WA,98023,300000,2,2.5,Federal Way,1324,,1978,,227,525,Sold,,,https://www.redfin.com/WA/Federal-Way/1829-SW-318th-Pl-98023/unit-33B/home/70440,NWMLS as Distributed by MLS Grid,2431546,N,Y,47.3154813,-122.3583065
PAST SALE,June-16-2025,Single Family Residential,2305 S 254th Ct,Des Moines,WA,98198,710000,4,2.5,Des Moines,2061,6670,2010,,344,,Sold,,,https://www.redfin.com/WA/Des-Moines/2305-S-254th-Ct-98198/home/22717513,NWMLS as Distributed by MLS Grid,2374348,N,Y,47.373531,-122.303254
PAST SALE,July-7-2025,Single Family Residential,23208 SE 267th Pl,Maple Valley,WA,98038,675000,3,2.0,Maple Valley,1190,14190,1981,,567,,Sold,,,https://www.redfin.com/WA/Maple-Valley/23208-SE-267th-Pl-98038/home/372566,NWMLS as Distributed by MLS Grid,2386957,N,Y,47.3628935,-122.0315486
PAST SALE,July-31-2025,Single Family Residential,19840 SE 267th Pl,Covington,WA,98042,578000,3,2.0,Covington,1490,7444,1985,,388,18,Sold,,,https://www.redfin.com/WA/Covington/19840-SE-267th-Pl-98042/home/367988,NWMLS as Distributed by MLS Grid,2399139,N,Y,47.3622411,-122.0769932
PAST SALE,June-13-2025,Single Family Residential,31068 W Lake Morton Dr SE,Kent,WA,98042,1375000,5,3.0,Kent,2940,18302,1954,,468,,Sold,,,https://www.redfin.com/WA/Kent/31068-W-Lake-Morton-Dr-SE-98042/home/382433,NWMLS as Distributed by MLS Grid,2370797,N,Y,47.3224598,-122.0863787
PAST SALE,June-9-2025,Single Family Residential,12654 156th Ave SE,Renton,WA,98059,679950,3,1.0,Coalfield,990,10723,1960,,687,,Sold,,,https://www.redfin.com/WA/Renton/12654-156th-Ave-SE-98059/home/243503,NWMLS as Distributed by MLS Grid,2369674,N,Y,47.4887519,-122.1327514
PAST SALE,May-29-2025,Townhouse,12601 Sunbreak Way NE,Redmond,WA,98053,980000,2,2.5,Redmond,1900,2984,2004,,516,340,Sold,,,https://www.redfin.com/WA/Redmond/12601-Sunbreak-Way-NE-98053/home/2064277,NWMLS as Distributed by MLS Grid,2371791,N,Y,47.711538,-122.034945
PAST SALE,September-18-2025,Single Family Residential,11802 SE 272nd Pl,Kent,WA,98030,514000,3,1.0,Kent,1130,9760,1961,,455,,Sold,,,https://www.redfin.com/WA/Kent/11802-SE-272nd-Pl-98030/home/402937,NWMLS as Distributed by MLS Grid,2420140,N,Y,47.3577501,-122.1833178
PAST SALE,July-23-2025,Single Family Residential,13227 10th Ave S,Burien,WA,98168,630000,3,2.0,Cedarhurst,1520,11438,1935,,414,,Sold,,,https://www.redfin.com/WA/Burien/13227-10th-Ave-S-98168/home/189214,NWMLS as Distributed by MLS Grid,2399015,N,Y,47.4840987,-122.3210189
PAST SALE,June-5-2025,Single Family Residential,8659 233rd Pl NE,Redmond,WA,98053,1460000,3,2.5,Redmond Ridge,2120,3630,2004,,689,72,Sold,,,https://www.redfin.com/WA/Redmond/8659-233rd-Pl-NE-98053/home/2077544,NWMLS as Distributed by MLS Grid,2369152,N,Y,47.6796228,-122.030664
PAST SALE,October-21-2025,Single Family Residential,5906 112th Pl NE,Kirkland,WA,98033,1540336,4,3.0,Houghton,2220,8602,1976,,694,,Sold,,,https://www.redfin.com/WA/Kirkland/5906-112th-Pl-NE-98033/home/459591,NWMLS as Distributed by MLS Grid,2435667,N,Y,47.6604657,-122.1897793
PAST SALE,September-10-2025,Single Family Residential,529 235th Ave NE,Sammamish,WA,98074,1595000,4,2.5,East Lake Sammamish,2470,5762,2000,,646,29,Sold,,,https://www.redfin.com/WA/Sammamish/529-235th-Ave-NE-98074/home/264979,NWMLS as Distributed by MLS Grid,2415455,N,Y,47.6146259,-122.0263336
PAST SALE,September-30-2025,Condo/Co-op,756 N 72nd St #102,Seattle,WA,98103,417000,1,1.0,Green Lake,601,,1982,,694,345,Sold,,,https://www.redfin.com/WA/Seattle/756-N-72nd-St-98103/unit-102/home/16807,NWMLS as Distributed by MLS Grid,2425923,N,Y,47.6812897,-122.3474573
PAST SALE,June-20-2025,Single Family Residential,2011 E Cherry St,Seattle,WA,98122,1080000,3,2.0,Seattle,2064,4200,1905,,523,,Sold,,,https://www.redfin.com/WA/Seattle/2011-E-Cherry-St-98122/home/143652,NWMLS as Distributed by MLS Grid,2379439,N,Y,47.6078195,-122.3057935
PAST SALE,May-29-2025,Single Family Residential,7957 34th Ave SW,Seattle,WA,98126,1170000,3,3.0,West Seattle,1980,4920,1941,,591,,Sold,,,https://www.redfin.com/WA/Seattle/7957-34th-Ave-SW-98126/home/473500,NWMLS as Distributed by MLS Grid,2361812,N,Y,47.5302326,-122.3756524
PAST SALE,September-24-2025,Townhouse,25446 106th Ave SE Unit A1,Kent,WA,98030,269799,2,1.5,East Hill,1065,,1974,,253,682,Sold,,,https://www.redfin.com/WA/Kent/25446-106th-Ave-SE-98030/unit-A1/home/58539,NWMLS as Distributed by MLS Grid,2427170,N,Y,47.3731413,-122.1993464
PAST SALE,May-23-2025,Single Family Residential,5520 S Leo St,Seattle,WA,98178,720000,3,2.5,Rainier Valley,1680,10175,1940,,429,,Sold,,,https://www.redfin.com/WA/Seattle/5520-S-Leo-St-98178/home/178614,NWMLS as Distributed by MLS Grid,2352830,N,Y,47.5027829,-122.2639592
PAST SALE,October-24-2025,Single Family Residential,25529 SE 159th St,Issaquah,WA,98027,815000,4,3.0,Issaquah,2980,42779,1979,,273,,Sold,,,https://www.redfin.com/WA/Issaquah/25529-SE-159th-St-98027/home/424642,NWMLS as Distributed by MLS Grid,2437792,N,Y,47.4589514,-121.9987481
PAST SALE,May-27-2025,Single Family Residential,274 Camas Ave SE,Renton,WA,98056,870000,3,2.5,Renton,2510,5495,2001,,347,31,Sold,,,https://www.redfin.com/WA/Renton/274-Camas-Ave-SE-98056/home/245681,NWMLS as Distributed by MLS Grid,2370760,N,Y,47.4805283,-122.1873522
PAST SALE,August-13-2025,Single Family Residential,1520 210th Ave NE,Sammamish,WA,98074,1305000,3,2.5,Inglewood,2390,12500,1985,,546,,Sold,,,https://www.redfin.com/WA/Sammamish/1520-210th-Ave-NE-98074/home/267076,NWMLS as Distributed by MLS Grid,2400601,N,Y,47.6227858,-122.0598758
PAST SALE,May-30-2025,Single Family Residential,23606 SE 380th St,Enumclaw,WA,98022,805000,3,2.0,Enumclaw,2150,43560,1992,,374,,Sold,,,https://www.redfin.com/WA/Enumclaw/23606-SE-380th-St-98022/home/292254,NWMLS as Distributed by MLS Grid,2356816,N,Y,47.2604663,-122.0271363
PAST SALE,June-4-2025,Single Family Residential,14761 62nd Ave S,Tukwila,WA,98168,985000,4,3.0,Tukwila,2850,18020,2014,,346,,Sold,,,https://www.redfin.com/WA/Tukwila/14761-62nd-Ave-S-98168/home/22395098,NWMLS as Distributed by MLS Grid,2369048,N,Y,47.4702146,-122.2576583
PAST SALE,November-6-2025,Single Family Residential,8518 11th Ave NW,Seattle,WA,98117,865000,3,2.0,Crown Hill,1730,5000,1918,,500,,Sold,,,https://www.redfin.com/WA/Seattle/8518-11th-Ave-NW-98117/home/100611,NWMLS as Distributed by MLS Grid,2434696,N,Y,47.6912196,-122.3701169
PAST SALE,August-7-2025,Single Family Residential,9552 6th Ave NW,Seattle,WA,98117,1010000,3,2.0,Greenwood,1480,7200,1950,,682,,Sold,,,https://www.redfin.com/WA/Seattle/9552-6th-Ave-NW-98117/home/101524,NWMLS as Distributed by MLS Grid,2408979,N,Y,47.6993409,-122.3630437
PAST SALE,May-20-2025,Single Family Residential,6276 119th Ave SE,Bellevue,WA,98006,1899000,5,3.0,Newport Hills,2990,5879,2014,,635,150,Sold,,,https://www.redfin.com/WA/Bellevue/6276-119th-Ave-SE-98006/home/55550592,NWMLS as Distributed by MLS Grid,2356679,N,Y,47.5466128,-122.1821254
PAST SALE,July-8-2025,Single Family Residential,7631 NE 170th St,Kenmore,WA,98028,1349500,4,3.0,Inglewood/Inglemoor,2680,7387,2009,,504,30,Sold,,,https://www.redfin.com/WA/Kenmore/7631-NE-170th-St-98028/home/21471018,NWMLS as Distributed by MLS Grid,2388555,N,Y,47.7504775,-122.2380568
PAST SALE,July-22-2025,Single Family Residential,13811 119th Ave NE,Kirkland,WA,98034,1249000,5,2.5,Kingsgate,2820,8400,1966,,443,63,Sold,,,https://www.redfin.com/WA/Kirkland/13811-119th-Ave-NE-98034/home/455411,NWMLS as Distributed by MLS Grid,2395232,N,Y,47.7240225,-122.181953
PAST SALE,November-6-2025,Single Family Residential,13606 342nd Ave NE,Duvall,WA,98019,1075000,4,2.0,Duvall,2710,209155,1985,,397,,Sold,,,https://www.redfin.com/WA/Duvall/13606-342nd-Ave-NE-98019/home/442009,NWMLS as Distributed by MLS Grid,2440249,N,Y,47.7194884,-121.8799859
PAST SALE,May-28-2025,Single Family Residential,3917 88th Ave SE,Mercer Island,WA,98040,2450000,4,3.0,Mercer Island,3366,10980,1947,,728,,Sold,,,https://www.redfin.com/WA/Mercer-Island/3917-88th-Ave-SE-98040/home/254481,NWMLS as Distributed by MLS Grid,2354195,N,Y,47.5752507,-122.2224095
PAST SALE,August-26-2025,Condo/Co-op,2511 S 248th St Unit B22,Kent,WA,98032,255000,2,1.0,Kent,870,,1980,,293,517,Sold,,,https://www.redfin.com/WA/Kent/2511-S-248th-St-98032/unit-B22/home/1014,NWMLS as Distributed by MLS Grid,2417393,N,Y,47.3792664,-122.3009643
PAST SALE,,Condo/Co-op,83 Sky Ridge Rd NW #701,Issaquah,WA,98027,790000,2,2.0,,1438,,2006,,549,,,,,https://www.redfin.com/WA/Issaquah/83-Sky-Ridge-Rd-NW-98027/unit-701/home/2119085,,,N,Y,47.5311444,-122.0684612
PAST SALE,August-28-2025,Single Family Residential,19513 134th Ave SE,Renton,WA,98058,820000,4,2.5,Renton,2100,9924,1989,,390,8,Sold,,,https://www.redfin.com/WA/Renton/19513-134th-Ave-SE-98058/home/221416,NWMLS as Distributed by MLS Grid,2417593,N,Y,47.4277979,-122.1622431
PAST SALE,July-16-2025,Single Family Residential,15226 88th Ave NE,Kenmore,WA,98028,799000,3,1.5,Inglewood/Inglemoor,1340,9750,1961,,596,,Sold,,,https://www.redfin.com/WA/Kenmore/15226-88th-Ave-NE-98028/home/279630,NWMLS as Distributed by MLS Grid,2373364,N,Y,47.7385743,-122.2237574
PAST SALE,May-16-2025,Condo/Co-op,21082 40th Pl S Unit G5,Seatac,WA,98198,415000,2,2.0,SeaTac,1146,,2010,,362,459,Sold,,,https://www.redfin.com/WA/Seatac/21082-40th-Pl-S-98198/unit-G5/home/35624955,NWMLS as Distributed by MLS Grid,2361357,N,Y,47.4139111,-122.2843158
PAST SALE,June-13-2025,Single Family Residential,19722 170th Ave NE,Woodinville,WA,98072,1010000,4,2.0,Woodinville,1860,36528,1962,,543,,Sold,,,https://www.redfin.com/WA/Woodinville/19722-170th-Ave-NE-98072/home/271050,NWMLS as Distributed by MLS Grid,2370739,N,Y,47.7711821,-122.1138475
PAST SALE,May-23-2025,Single Family Residential,9904 35th Ave SW,Seattle,WA,98126,550000,2,1.0,Arbor Heights,670,6300,1942,,821,,Sold,,,https://www.redfin.com/WA/Seattle/9904-35th-Ave-SW-98126/home/154807,NWMLS as Distributed by MLS Grid,2369283,N,Y,47.5144996,-122.3762266
PAST SALE,September-15-2025,Single Family Residential,8256 Ashworth Ave N,Seattle,WA,98103,780000,2,1.0,Green Lake,1160,7250,1943,,672,,Sold,,,https://www.redfin.com/WA/Seattle/8256-Ashworth-Ave-N-98103/home/306281,NWMLS as Distributed by MLS Grid,2395016,N,Y,47.6903675,-122.3388539
PAST SALE,May-27-2025,Single Family Residential,34044 51st Ave S,Auburn,WA,98001,587000,4,2.0,Auburn,1950,9625,1967,,301,,Sold,,,https://www.redfin.com/WA/Auburn/34044-51st-Ave-S-98001/home/364105,NWMLS as Distributed by MLS Grid,2357823,N,Y,47.2956519,-122.2707622
PAST SALE,June-13-2025,Single Family Residential,15524 165th Pl NE,Woodinville,WA,98072,2000000,3,3.0,Woodinville,3050,58370,1979,,656,,Sold,,,https://www.redfin.com/WA/Woodinville/15524-165th-Pl-NE-98072/home/448437,NWMLS as Distributed by MLS Grid,2382009,N,Y,47.740503,-122.1183419
PAST SALE,September-10-2025,Single Family Residential,9020 Burke Ave N,Seattle,WA,98103,1225000,3,2.5,Green Lake,2360,5063,2004,,519,,Sold,,,https://www.redfin.com/WA/Seattle/9020-Burke-Ave-N-98103/home/104256,NWMLS as Distributed by MLS Grid,2416937,N,Y,47.6947632,-122.3347773
PAST SALE,September-26-2025,Condo/Co-op,1601 N 45th St #412,Seattle,WA,98103,465000,1,1.0,Wallingford,574,,2018,,810,283,Sold,,,https://www.redfin.com/WA/Seattle/1601-N-45th-St-98103/unit-412/home/168857703,NWMLS as Distributed by MLS Grid,2423376,N,Y,47.6612464,-122.338408
PAST SALE,May-27-2025,Single Family Residential,12041 2nd Ave S,Seattle,WA,98168,495000,3,1.5,Burien,1160,13300,1942,,427,,Sold,,,https://www.redfin.com/WA/Seattle/12041-2nd-Ave-S-98168/home/189682,NWMLS as Distributed by MLS Grid,2370005,N,Y,47.4945985,-122.3314156
PAST SALE,October-27-2025,Single Family Residential,12303 206th Pl SE,Issaquah,WA,98027,1049000,5,3.0,High Valley,3480,57063,1963,,301,33,Sold,,,https://www.redfin.com/WA/Issaquah/12303-206th-Pl-SE-98027/home/419722,NWMLS as Distributed by MLS Grid,2433938,N,Y,47.4911315,-122.066476
PAST SALE,October-16-2025,Single Family Residential,4133 23rd Ave SW,Seattle,WA,98106,750000,4,2.0,Delridge,1450,5000,1985,,517,,Sold,,,https://www.redfin.com/WA/Seattle/4133-23rd-Ave-SW-98106/home/160525,NWMLS as Distributed by MLS Grid,2429805,N,Y,47.5655715,-122.3625507
PAST SALE,August-15-2025,Townhouse,4151 California Ave SW Unit A,Seattle,WA,98116,799900,3,2.5,West Seattle,1849,1145,2015,,433,,Sold,,,https://www.redfin.com/WA/Seattle/4151-California-Ave-SW-98116/unit-A/home/101611217,NWMLS as Distributed by MLS Grid,2409673,N,Y,47.5650973,-122.3870423
PAST SALE,June-6-2025,Single Family Residential,24245 14th Ave S,Des Moines,WA,98198,590000,3,2.0,Zenith,1270,5375,1985,,465,,Sold,,,https://www.redfin.com/WA/Des-Moines/24245-14th-Ave-S-98198/home/202007,NWMLS as Distributed by MLS Grid,2374426,N,Y,47.3835424,-122.3157361
PAST SALE,September-9-2025,Single Family Residential,15310 26th Ave NE,Shoreline,WA,98155,640000,3,1.0,Shoreline,1410,8158,1948,,454,,Sold,,,https://www.redfin.com/WA/Shoreline/15310-26th-Ave-NE-98155/home/87366,NWMLS as Distributed by MLS Grid,2419953,N,Y,47.7395623,-122.3003981
PAST SALE,May-16-2025,Single Family Residential,11067 Elliston Way NE,Redmond,WA,98053,860000,4,2.5,Redmond Ridge,1844,5340,2008,,466,97,Sold,,,https://www.redfin.com/WA/Redmond/11067-Elliston-Way-NE-98053/home/18659599,NWMLS as Distributed by MLS Grid,2363124,N,Y,47.6965505,-122.0259496
PAST SALE,November-10-2025,Single Family Residential,33516 42nd Ave S,Federal Way,WA,98001,605000,3,2.0,Federal Way,1800,8209,2006,,336,35,Sold,,,https://www.redfin.com/WA/Federal-Way/33516-42nd-Ave-S-98001/home/22684056,NWMLS as Distributed by MLS Grid,2444695,N,Y,47.3009432,-122.281988
PAST SALE,November-10-2025,Single Family Residential,5137 SW Admiral Way,Seattle,WA,98116,730000,2,1.0,North Admiral,1170,7140,1949,,624,,Sold,,,https://www.redfin.com/WA/Seattle/5137-SW-Admiral-Way-98116/home/330305,NWMLS as Distributed by MLS Grid,2441369,N,Y,47.5791036,-122.3989804
PAST SALE,November-3-2025,Single Family Residential,13204 NE 190th Pl,Woodinville,WA,98072,990000,3,2.0,Woodinville,1470,11045,1977,,673,,Sold,,,https://www.redfin.com/WA/Woodinville/13204-NE-190th-Pl-98072/home/287909,NWMLS as Distributed by MLS Grid,2440812,N,Y,47.7655137,-122.1634036
PAST SALE,September-30-2025,Townhouse,12118 NE 171st Pl Unit E202,Bothell,WA,98011,600000,2,2.5,Woodinville,1346,957434,1995,,446,765,Sold,,,https://www.redfin.com/WA/Bothell/12118-NE-171st-Pl-98011/unit-E202/home/50974,NWMLS as Distributed by MLS Grid,2430201,N,Y,47.7521735,-122.1787044
PAST SALE,September-12-2025,Single Family Residential,1314 42nd St NE,Auburn,WA,98002,640000,3,2.5,Auburn,1885,4000,2011,,340,50,Sold,,,https://www.redfin.com/WA/Auburn/1314-42nd-St-NE-98002/home/39904162,NWMLS as Distributed by MLS Grid,2420151,N,Y,47.3447826,-122.2145972
PAST SALE,October-31-2025,Single Family Residential,11056 11th Ave SW,Seattle,WA,98146,900000,5,3.0,White Center,2650,7804,1921,,340,,Sold,,,https://www.redfin.com/WA/Seattle/11056-11th-Ave-SW-98146/home/181696,NWMLS as Distributed by MLS Grid,2442890,N,Y,47.5031129,-122.3481363
PAST SALE,May-23-2025,Townhouse,851 B NE 91st St,Seattle,WA,98115,789000,3,2.0,Maple Leaf,1124,1436,2023,,702,,Sold,,,https://www.redfin.com/WA/Seattle/851B-NE-91st-St-98115/home/195516135,NWMLS as Distributed by MLS Grid,2362673,N,Y,47.6946866,-122.3182127
PAST SALE,June-18-2025,Townhouse,14352 Stone Ave N,Seattle,WA,98133,499000,3,1.5,Northgate,1170,1006,2003,,426,,Sold,,,https://www.redfin.com/WA/Seattle/14352-Stone-Ave-N-98133/home/102871,NWMLS as Distributed by MLS Grid,2375557,N,Y,47.7338383,-122.3421367
PAST SALE,May-22-2025,Single Family Residential,11800 SE 198th St,Kent,WA,98031,845602,4,2.5,Kent,2550,6405,1992,,332,17,Sold,,,https://www.redfin.com/WA/Kent/11800-SE-198th-St-98031/home/225788,NWMLS as Distributed by MLS Grid,2358848,N,Y,47.4250622,-122.1837903
PAST SALE,June-20-2025,Single Family Residential,118 10th Ave E,Seattle,WA,98102,1200000,2,1.0,Broadway,1620,3840,1903,,741,,Sold,,,https://www.redfin.com/WA/Seattle/118-10th-Ave-E-98102/home/144897,NWMLS as Distributed by MLS Grid,2371449,N,Y,47.6193791,-122.319221
PAST SALE,June-27-2025,Single Family Residential,219 Boylston Ave E,Seattle,WA,98102,1000000,4,2.0,Broadway,2020,2691,1978,,495,,Sold,,,https://www.redfin.com/WA/Seattle/219-Boylston-Ave-E-98102/home/143661,NWMLS as Distributed by MLS Grid,2382593,N,Y,47.6204777,-122.3233142
PAST SALE,September-11-2025,Single Family Residential,2109 168th Ave NE,Bellevue,WA,98008,1230000,3,2.0,Microsoft,1510,7622,1965,,815,,Sold,,,https://www.redfin.com/WA/Bellevue/2109-168th-Ave-NE-98008/home/433037,NWMLS as Distributed by MLS Grid,2415216,N,Y,47.6290323,-122.1157703
PAST SALE,July-29-2025,Single Family Residential,18829 NE 157th St,Woodinville,WA,98072,1700000,4,2.5,Cottage Lake,2730,92890,1991,,623,,Sold,,,https://www.redfin.com/WA/Woodinville/18829-NE-157th-St-98072/home/269885,NWMLS as Distributed by MLS Grid,2396432,N,Y,47.7413216,-122.0854385
PAST SALE,August-28-2025,Single Family Residential,1104 S 223rd St,Des Moines,WA,98198,875000,5,4.0,Downtown Des Moines,3240,16000,1916,,270,,Sold,,,https://www.redfin.com/WA/Des-Moines/1104-S-223rd-St-98198/home/200411,NWMLS as Distributed by MLS Grid,2409655,N,Y,47.4023038,-122.3190743
PAST SALE,July-7-2025,Single Family Residential,4144 SW Orchard St,Seattle,WA,98136,881000,3,2.5,Gatewood,1660,10656,1920,,531,,Sold,,,https://www.redfin.com/WA/Seattle/4144-SW-Orchard-St-98136/home/468887,NWMLS as Distributed by MLS Grid,2390164,N,Y,47.539079,-122.3851629
PAST SALE,,Single Family Residential,18706 82nd Ave NE,Kenmore,WA,98028,815000,3,2.0,,1670,13534,1951,,488,,,,,https://www.redfin.com/WA/Kenmore/18706-82nd-Ave-NE-98028/home/283724,,,N,Y,47.7639667,-122.2301114
PAST SALE,May-28-2025,Condo/Co-op,2510 W Bertona St #435,Seattle,WA,98199,399000,1,1.0,Magnolia,769,,1968,,519,744,Sold,,,https://www.redfin.com/WA/Seattle/2510-W-Bertona-St-98199/unit-435/home/18175,NWMLS as Distributed by MLS Grid,2371905,N,Y,47.650702,-122.389304
PAST SALE,October-30-2025,Single Family Residential,4430 S 175th St,Seatac,WA,98188,760000,4,2.0,McMicken Heights,2010,17500,1961,,378,,Sold,,,https://www.redfin.com/WA/Seatac/4430-S-175th-St-98188/home/340932,NWMLS as Distributed by MLS Grid,2437269,N,Y,47.4467227,-122.2776173
PAST SALE,June-25-2025,Condo/Co-op,375 Kirkland Ave #216,Kirkland,WA,98033,954750,2,2.5,Downtown,1462,,2007,,653,963,Sold,,,https://www.redfin.com/WA/Kirkland/375-Kirkland-Ave-98033/unit-216/home/12092835,NWMLS as Distributed by MLS Grid,2383008,N,Y,47.6752781,-122.2009136
PAST SALE,June-4-2025,Single Family Residential,673 Kitsap Ave NE,Renton,WA,98059,1250000,4,2.5,Renton,2527,4366,2010,,495,67,Sold,,,https://www.redfin.com/WA/Renton/673-Kitsap-Ave-NE-98059/home/22223736,NWMLS as Distributed by MLS Grid,2352728,N,Y,47.4934758,-122.1470589
PAST SALE,July-11-2025,Single Family Residential,35051 57th Ave S,Auburn,WA,98001,784000,4,2.5,Auburn,2550,24800,1997,,307,,Sold,,,https://www.redfin.com/WA/Auburn/35051-57th-Ave-S-98001/home/364688,NWMLS as Distributed by MLS Grid,2388255,N,Y,47.2867844,-122.2637552
PAST SALE,June-6-2025,Single Family Residential,12708 SE 258th St,Kent,WA,98030,585000,3,2.5,East Hill,1670,12980,1968,,350,,Sold,,,https://www.redfin.com/WA/Kent/12708-SE-258th-St-98030/home/401784,NWMLS as Distributed by MLS Grid,2367155,N,Y,47.3708938,-122.171709
PAST SALE,May-30-2025,Single Family Residential,6721 Azalea Way SE,Snoqualmie,WA,98065,1800000,4,3.5,Snoqualmie,3625,9161,2001,,497,29,Sold,,,https://www.redfin.com/WA/Snoqualmie/6721-Azalea-Way-SE-98065/home/467933,NWMLS as Distributed by MLS Grid,2359556,N,Y,47.5403663,-121.8748139
PAST SALE,August-28-2025,Townhouse,2534 NE Mulberry Walk,Issaquah,WA,98029,779000,2,2.0,Issaquah Highlands,1210,1031,2014,,644,410,Sold,,,https://www.redfin.com/WA/Issaquah/2534-NE-Mulberry-Walk-98029/home/55550698,NWMLS as Distributed by MLS Grid,2417233,N,Y,47.552328,-121.998564
PAST SALE,October-7-2025,Single Family Residential,25850 196th Ave SE,Covington,WA,98042,410000,3,1.0,Timberlane,1160,4875,1969,,353,47,Sold,,,https://www.redfin.com/WA/Covington/25850-196th-Ave-SE-98042/home/372332,NWMLS as Distributed by MLS Grid,2429826,N,Y,47.3706675,-122.0797864
PAST SALE,June-27-2025,Single Family Residential,17543 7th Ave NE,Shoreline,WA,98155,699999,4,3.0,North City,2020,7279,1962,,347,,Sold,,,https://www.redfin.com/WA/Shoreline/17543-7th-Ave-NE-98155/home/85619,NWMLS as Distributed by MLS Grid,2378743,N,Y,47.757147,-122.322465
PAST SALE,August-27-2025,Single Family Residential,318 S 108th Pl,Seattle,WA,98168,525000,3,1.0,White Center,1140,6252,1956,,461,,Sold,,,https://www.redfin.com/WA/Seattle/318-S-108th-Pl-98168/home/188980,NWMLS as Distributed by MLS Grid,2415459,N,Y,47.5066934,-122.3292761
PAST SALE,May-21-2025,Single Family Residential,13347 19th Ave NE,Seattle,WA,98125,890000,3,2.5,Olympic Hills,1570,5000,1986,,567,,Sold,,,https://www.redfin.com/WA/Seattle/13347-19th-Ave-NE-98125/home/114487,NWMLS as Distributed by MLS Grid,2366366,N,Y,47.7262203,-122.309388
PAST SALE,September-25-2025,Single Family Residential,7322 21st Ave NW,Seattle,WA,98117,1000000,3,2.0,Loyal Heights,1680,3825,1941,,595,,Sold,,,https://www.redfin.com/WA/Seattle/7322-21st-Ave-NW-98117/home/166638,NWMLS as Distributed by MLS Grid,2427385,N,Y,47.6820786,-122.3829769
PAST SALE,July-24-2025,Single Family Residential,11035 Bartlett Ave NE,Seattle,WA,98125,1350000,5,2.5,Matthews Beach,2850,7373,2003,,474,,Sold,,,https://www.redfin.com/WA/Seattle/11035-Bartlett-Ave-NE-98125/home/111096,NWMLS as Distributed by MLS Grid,2391657,N,Y,47.7096231,-122.2822573
PAST SALE,September-26-2025,Single Family Residential,3206 S Washington St,Seattle,WA,98144,1599000,4,2.5,Leschi,2955,7200,1900,,541,,Sold,,,https://www.redfin.com/WA/Seattle/3206-S-Washington-St-98144/home/140480,NWMLS as Distributed by MLS Grid,2431955,N,Y,47.601007021,-122.2910258
PAST SALE,July-28-2025,Single Family Residential,5041 35th Ave SW,Seattle,WA,98126,975000,4,2.0,Fairmount,2510,4640,1927,,388,,Sold,,,https://www.redfin.com/WA/Seattle/5041-35th-Ave-SW-98126/home/470979,NWMLS as Distributed by MLS Grid,2401279,N,Y,47.55619,-122.3766705
PAST SALE,May-21-2025,Single Family Residential,154 35th Ave E,Seattle,WA,98112,1850000,4,2.5,Denny Blaine,3360,4213,1916,,551,,Sold,,,https://www.redfin.com/WA/Seattle/154-35th-Ave-E-98112/home/140639,NWMLS as Distributed by MLS Grid,2362675,N,Y,47.6191478,-122.2884849
PAST SALE,August-6-2025,Single Family Residential,1503 Lyons Ave NE,Renton,WA,98059,2100000,4,4.0,Renton,3770,6182,2016,,557,75,Sold,,,https://www.redfin.com/WA/Renton/1503-Lyons-Ave-NE-98059/home/55551442,NWMLS as Distributed by MLS Grid,2388389,N,Y,47.5056173,-122.1457834
PAST SALE,October-3-2025,Single Family Residential,2816 S Hudson St,Seattle,WA,98108,1950000,3,3.5,Beacon Hill,3265,9505,1979,,597,,Sold,,,https://www.redfin.com/WA/Seattle/2816-S-Hudson-St-98108/home/479346,NWMLS as Distributed by MLS Grid,2428559,N,Y,47.5573789,-122.2960576
PAST SALE,August-27-2025,Single Family Residential,11014 26th Ave S,Seattle,WA,98168,330000,2,1.0,Riverton,1760,6857,1952,,188,,Sold,,,https://www.redfin.com/WA/Seattle/11014-26th-Ave-S-98168/home/187766,NWMLS as Distributed by MLS Grid,2418590,N,Y,47.5036185,-122.29988
PAST SALE,May-22-2025,Single Family Residential,503 Queen Ave NE,Renton,WA,98056,925000,5,3.0,Renton,2660,4568,2002,,348,,Sold,,,https://www.redfin.com/WA/Renton/503-Queen-Ave-NE-98056/home/242762,NWMLS as Distributed by MLS Grid,2345049,N,Y,47.4904648,-122.170234
PAST SALE,October-23-2025,Single Family Residential,6847 18th Ave NE,Seattle,WA,98115,1421525,4,1.5,Ravenna,3250,4590,1925,,437,,Sold,,,https://www.redfin.com/WA/Seattle/6847-18th-Ave-NE-98115/home/309732,NWMLS as Distributed by MLS Grid,2424484,N,Y,47.6790362,-122.309092
PAST SALE,August-22-2025,Single Family Residential,3008 22nd Ave S,Seattle,WA,98144,915000,4,2.0,N Beacon Hill,1650,4000,1927,,555,,Sold,,,https://www.redfin.com/WA/Seattle/3008-22nd-Ave-S-98144/home/168771,NWMLS as Distributed by MLS Grid,2410021,N,Y,47.5763633,-122.3041062
PAST SALE,June-3-2025,Single Family Residential,14018 SE 201st St,Kent,WA,98042,615000,3,1.5,Kent,1650,9720,1965,,373,,Sold,,,https://www.redfin.com/WA/Kent/14018-SE-201st-St-98042/home/395662,NWMLS as Distributed by MLS Grid,2360866,N,Y,47.4224833,-122.1537008
PAST SALE,June-23-2025,Single Family Residential,8210 309th Ave SE,Preston,WA,98050,979500,3,2.5,Preston,2010,61903,1981,,487,,Sold,,,https://www.redfin.com/WA/Preston/8210-309th-Ave-SE-98050/home/467356,NWMLS as Distributed by MLS Grid,2370841,N,Y,47.526722,-121.929071
PAST SALE,September-9-2025,Townhouse,6720 14th Ave NW Unit B,Seattle,WA,98117,850000,3,3.5,Ballard,1560,1338,2005,,545,,Sold,,,https://www.redfin.com/WA/Seattle/6720-14th-Ave-NW-98117/unit-B/home/496761,NWMLS as Distributed by MLS Grid,2420214,N,Y,47.6785089,-122.3738652
PAST SALE,May-16-2025,Condo/Co-op,9057 Greenwood Ave N #302,Seattle,WA,98103,350000,1,1.0,Greenwood,630,,2006,,556,399,Sold,,,https://www.redfin.com/WA/Seattle/9057-Greenwood-Ave-N-98103/unit-302/home/12306536,NWMLS as Distributed by MLS Grid,2356205,N,Y,47.6958184,-122.3557701
PAST SALE,August-19-2025,Single Family Residential,1921 Hawk Ct,Enumclaw,WA,98022,650000,3,2.5,Enumclaw,1850,8770,1996,,351,15,Sold,,,https://www.redfin.com/WA/Enumclaw/1921-Hawk-Ct-98022/home/297672,NWMLS as Distributed by MLS Grid,2405219,N,Y,47.2090936,-122.0094895
PAST SALE,May-21-2025,Single Family Residential,32513 10th Pl S,Federal Way,WA,98003,618000,3,2.0,Federal Way,1550,6100,1974,,399,,Sold,,,https://www.redfin.com/WA/Federal-Way/32513-10th-Pl-S-98003/home/350714,NWMLS as Distributed by MLS Grid,2363835,N,Y,47.3108674,-122.3208399
PAST SALE,June-24-2025,Single Family Residential,1818 226th Pl NE,Sammamish,WA,98074,1225000,3,2.0,Sammamish,1515,11612,1984,,809,,Sold,,,https://www.redfin.com/WA/Sammamish/1818-226th-Pl-NE-98074/home/266030,NWMLS as Distributed by MLS Grid,2352542,N,Y,47.624765,-122.0372412
PAST SALE,July-11-2025,Single Family Residential,44111 SE Mt Si Rd,North Bend,WA,98045,976700,2,1.0,North Bend,770,135471,1968,,1268,,Sold,,,https://www.redfin.com/WA/North-Bend/44111-SE-Mt-Si-Rd-98045/home/484334,NWMLS as Distributed by MLS Grid,2400603,N,Y,47.4836974,-121.7513474
PAST SALE,October-16-2025,Single Family Residential,3000 SW 106th St,Seattle,WA,98146,560000,3,2.0,Arbor Heights,1528,8138,1984,,366,,Sold,,,https://www.redfin.com/WA/Seattle/3000-SW-106th-St-98146/home/154866,NWMLS as Distributed by MLS Grid,2401396,N,Y,47.5084653,-122.3711198
PAST SALE,September-16-2025,Condo/Co-op,18210 15th Ave NE #203,Shoreline,WA,98155,419999,2,2.0,Shoreline,1193,,1975,,352,602,Sold,,,https://www.redfin.com/WA/Shoreline/18210-15th-Ave-NE-98155/unit-203/home/44075,NWMLS as Distributed by MLS Grid,2415619,N,Y,47.7612897,-122.311751
PAST SALE,October-14-2025,Single Family Residential,8137 31st Ave SW,Seattle,WA,98126,774000,2,2.0,Westwood,987,6936,1948,,784,,Sold,,,https://www.redfin.com/WA/Seattle/8137-31st-Ave-SW-98126/home/471804,NWMLS as Distributed by MLS Grid,2436744,N,Y,47.528931,-122.3728967
PAST SALE,May-23-2025,Single Family Residential,13823 SE 274th St,Kent,WA,98042,699950,4,3.0,Kent,2070,6188,1986,,338,,Sold,,,https://www.redfin.com/WA/Kent/13823-SE-274th-St-98042/home/404913,NWMLS as Distributed by MLS Grid,2350088,N,Y,47.3564792,-122.1563762
PAST SALE,September-5-2025,Single Family Residential,7529 32nd Ave SW,Seattle,WA,98126,1450000,3,3.0,Westwood,2860,4920,2013,,507,,Sold,,,https://www.redfin.com/WA/Seattle/7529-32nd-Ave-SW-98126/home/52453422,NWMLS as Distributed by MLS Grid,2411592,N,Y,47.5346889,-122.3743463
PAST SALE,July-25-2025,Single Family Residential,1438 227th Ave SE,Sammamish,WA,98075,850000,3,2.0,Sammamish,1380,16650,1967,,616,,Sold,,,https://www.redfin.com/WA/Sammamish/1438-227th-Ave-SE-98075/home/434798,NWMLS as Distributed by MLS Grid,2391784,N,Y,47.5962432,-122.0368499
PAST SALE,,Single Family Residential,3829 38th Ave S,Seattle,WA,98118,800000,3,2.0,,1540,3960,1948,,519,,,,,https://www.redfin.com/WA/Seattle/3829-38th-Ave-S-98118/home/171405,,,N,Y,47.5688874,-122.2853104
PAST SALE,May-23-2025,Townhouse,116 17th Ave Unit D,Seattle,WA,98122,573250,2,1.0,Central Area,1025,,1982,,559,300,Sold,,,https://www.redfin.com/WA/Seattle/116-17th-Ave-98122/unit-D/home/52563,NWMLS as Distributed by MLS Grid,2364836,N,Y,47.602323,-122.3099995
PAST SALE,September-3-2025,Single Family Residential,2371 132nd Ave SE,Bellevue,WA,98005,1810000,5,3.5,Woodridge,2690,2502,1999,,673,100,Sold,,,https://www.redfin.com/WA/Bellevue/2371-132nd-Ave-SE-98005/home/509541,NWMLS as Distributed by MLS Grid,2416001,N,Y,47.589279,-122.1657327
PAST SALE,May-16-2025,Single Family Residential,803 Edmonds Ave NE,Renton,WA,98056,535000,2,1.0,Renton,720,4760,1942,,743,,Sold,,,https://www.redfin.com/WA/Renton/803-Edmonds-Ave-NE-98056/home/242469,NWMLS as Distributed by MLS Grid,2359457,N,Y,47.4959341,-122.1858498
PAST SALE,May-30-2025,Single Family Residential,10754 17th Ave SW,Seattle,WA,98146,500000,2,1.0,Seattle,720,8382,1920,,694,,Sold,,,https://www.redfin.com/WA/Seattle/10754-17th-Ave-SW-98146/home/179227,NWMLS as Distributed by MLS Grid,2366773,N,Y,47.5055104,-122.3561577
PAST SALE,June-13-2025,Single Family Residential,5534 Charlotte Ave SE,Auburn,WA,98092,700000,4,2.5,Auburn,2630,4800,2013,,266,38,Sold,,,https://www.redfin.com/WA/Auburn/5534-Charlotte-Ave-SE-98092/home/35625095,NWMLS as Distributed by MLS Grid,2369972,N,Y,47.2589769,-122.1954706
PAST SALE,June-9-2025,Single Family Residential,14317 166th Pl SE,Renton,WA,98059,905000,3,2.0,Briarwood,1600,22509,1985,,566,,Sold,,,https://www.redfin.com/WA/Renton/14317-166th-Pl-SE-98059/home/248595,NWMLS as Distributed by MLS Grid,2356431,N,Y,47.4748619,-122.1183672
PAST SALE,July-11-2025,Townhouse,3410 SW Graham St #803,Seattle,WA,98126,599950,2,2.5,High Point,1377,,2018,,436,490,Sold,,,https://www.redfin.com/WA/Seattle/3410-SW-Graham-St-98126/unit-803/home/189779199,NWMLS as Distributed by MLS Grid,2393985,N,Y,47.5474824,-122.3756411
PAST SALE,May-27-2025,Single Family Residential,9708 218th Pl NE,Redmond,WA,98053,1274000,3,2.5,Redmond,1900,53143,1988,,671,,Sold,,,https://www.redfin.com/WA/Redmond/9708-218th-Pl-NE-98053/home/446162,NWMLS as Distributed by MLS Grid,2361526,N,Y,47.6865491,-122.0471423
PAST SALE,July-16-2025,Single Family Residential,4003 Midvale Ave N,Seattle,WA,98103,1695439,5,3.0,Wallingford,3480,4218,1928,,487,,Sold,,,https://www.redfin.com/WA/Seattle/4003-Midvale-Ave-N-98103/home/119644,NWMLS as Distributed by MLS Grid,2374381,N,Y,47.6555392,-122.3438892
PAST SALE,June-12-2025,Single Family Residential,11012 2nd Ave S,Seattle,WA,98168,510000,2,1.0,Seattle,920,6250,1948,,554,,Sold,,,https://www.redfin.com/WA/Seattle/11012-2nd-Ave-S-98168/home/189613,NWMLS as Distributed by MLS Grid,2368524,N,Y,47.5046223,-122.3307507
PAST SALE,May-28-2025,Single Family Residential,13448 191st Ave SE,Renton,WA,98059,1600000,3,2.5,Lake Kathleen,3060,17438,2015,,523,,Sold,,,https://www.redfin.com/WA/Renton/13448-191st-Ave-SE-98059/home/22236313,NWMLS as Distributed by MLS Grid,2333839,N,Y,47.4812548,-122.0852783
PAST SALE,June-2-2025,Condo/Co-op,1100 S Atlantic St #307,Seattle,WA,98134,275000,1,1.0,N Beacon Hill,754,,1969,,365,484,Sold,,,https://www.redfin.com/WA/Seattle/1100-S-Atlantic-St-98134/unit-307/home/32261,NWMLS as Distributed by MLS Grid,2358888,N,Y,47.5903146,-122.3181839
PAST SALE,July-11-2025,Townhouse,1805 N 36th St,Seattle,WA,98103,1160000,3,3.0,Wallingford,1771,1465,2009,,655,,Sold,,,https://www.redfin.com/WA/Seattle/1805-N-36th-St-98103/home/22459383,NWMLS as Distributed by MLS Grid,2388772,N,Y,47.6503432,-122.3358718
PAST SALE,June-30-2025,Single Family Residential,4330 NE 56th St,Seattle,WA,98105,1615000,4,2.0,Bryant,2010,6400,1942,,803,,Sold,,,https://www.redfin.com/WA/Seattle/4330-NE-56th-St-98105/home/313462,NWMLS as Distributed by MLS Grid,2353305,N,Y,47.6697079,-122.2807169
PAST SALE,May-28-2025,Single Family Residential,13214 91st Pl NE,Kirkland,WA,98034,1415000,3,2.5,Kirkland,1968,9748,1969,,719,,Sold,,,https://www.redfin.com/WA/Kirkland/13214-91st-Pl-NE-98034/home/277550,NWMLS as Distributed by MLS Grid,2360772,N,Y,47.7190243,-122.2185697
PAST SALE,June-30-2025,Single Family Residential,906 NW 62nd St,Seattle,WA,98107,685000,2,1.0,Woodland Park,670,3000,1905,,1022,,Sold,,,https://www.redfin.com/WA/Seattle/906-NW-62nd-St-98107/home/493337,NWMLS as Distributed by MLS Grid,2391465,N,Y,47.6740039,-122.369136
PAST SALE,May-15-2025,Single Family Residential,25705 NE 10th St,Sammamish,WA,98074,1998900,4,2.5,Sammamish,3010,23766,1992,,664,54,Sold,,,https://www.redfin.com/WA/Sammamish/25705-NE-10th-St-98074/home/467131,NWMLS as Distributed by MLS Grid,2355586,N,Y,47.61674,-121.9968453
PAST SALE,October-20-2025,Single Family Residential,6532 20th Ave NW,Seattle,WA,98117,1049000,3,2.0,Ballard,2380,5100,1909,,441,,Sold,,,https://www.redfin.com/WA/Seattle/6532-20th-Ave-NW-98117/home/163331,NWMLS as Distributed by MLS Grid,2435401,N,Y,47.6769009,-122.381843
PAST SALE,June-13-2025,Single Family Residential,1209 SW 149th St,Burien,WA,98166,602000,3,2.0,Burien,2120,6604,1927,,284,,Sold,,,https://www.redfin.com/WA/Burien/1209-SW-149th-St-98166/home/185731,NWMLS as Distributed by MLS Grid,2376023,N,Y,47.4692014,-122.350369
PAST SALE,June-13-2025,Townhouse,397 227th Ln NE #130,Sammamish,WA,98074,780000,3,2.5,Sammamish,1389,,1998,,562,435,Sold,,,https://www.redfin.com/WA/Sammamish/397-227th-Ln-NE-98074/unit-130/home/63975,NWMLS as Distributed by MLS Grid,2370555,N,Y,47.6128037,-122.0363597
PAST SALE,August-18-2025,Single Family Residential,8331 44th Ave S,Seattle,WA,98118,1150000,5,3.5,Dunlap,3030,5323,2020,,380,,Sold,,,https://www.redfin.com/WA/Seattle/8331-44th-Ave-S-98118/home/480426,NWMLS as Distributed by MLS Grid,2404771,N,Y,47.5282305,-122.2782915
PAST SALE,May-30-2025,Single Family Residential,29511 36th Ave S,Auburn,WA,98001,640000,4,2.5,Auburn,1697,7105,2011,,377,63,Sold,,,https://www.redfin.com/WA/Auburn/29511-36th-Ave-S-98001/home/40089358,NWMLS as Distributed by MLS Grid,2345558,N,Y,47.3366107,-122.2874656
PAST SALE,August-12-2025,Single Family Residential,21630 NE 79th St,Redmond,WA,98053,2895000,4,3.5,Union Hill,3848,55962,2024,,752,,Sold,,,https://www.redfin.com/WA/Redmond/21630-NE-79th-St-98053/home/445230,NWMLS as Distributed by MLS Grid,2402566,N,Y,47.6743775,-122.0509616
PAST SALE,September-10-2025,Single Family Residential,19125 121st Pl SE,Renton,WA,98058,800000,3,3.0,Benson Hill,1660,22398,1989,,482,,Sold,,,https://www.redfin.com/WA/Renton/19125-121st-Pl-SE-98058/home/389353,NWMLS as Distributed by MLS Grid,2420159,N,Y,47.4310047,-122.1794981
PAST SALE,July-22-2025,Single Family Residential,4812 158th Ct NE,Redmond,WA,98052,1801000,4,2.5,Redmond,2040,10057,1978,,883,,Sold,,,https://www.redfin.com/WA/Redmond/4812-158th-Ct-NE-98052/home/504147,NWMLS as Distributed by MLS Grid,2392620,N,Y,47.65262,-122.1289906
PAST SALE,June-2-2025,Single Family Residential,13808 16th Ave SW,Burien,WA,98166,885000,3,3.0,Seahurst,1860,13550,1973,,476,,Sold,,,https://www.redfin.com/WA/Burien/13808-16th-Ave-SW-98166/home/332363,NWMLS as Distributed by MLS Grid,2363162,N,Y,47.47881,-122.353544
PAST SALE,September-22-2025,Townhouse,527 11th Ave E Unit B,Seattle,WA,98102,970000,2,2.5,Capitol Hill,1490,1271,2005,,651,,Sold,,,https://www.redfin.com/WA/Seattle/527-11th-Ave-E-98102/unit-B/home/8189242,NWMLS as Distributed by MLS Grid,2422559,N,Y,47.6239833,-122.3182103
PAST SALE,July-11-2025,Condo/Co-op,2012 Waverly Pl N #5,Seattle,WA,98109,324000,1,1.0,Queen Anne,641,,1962,,505,274,Sold,,,https://www.redfin.com/WA/Seattle/2012-Waverly-Pl-N-98109/unit-5/home/12090705,NWMLS as Distributed by MLS Grid,2391421,N,Y,47.6371285,-122.3417284
PAST SALE,September-3-2025,Single Family Residential,8315 17th Ave NW,Seattle,WA,98117,760000,2,1.0,Loyal Heights,1110,4005,1925,,685,,Sold,,,https://www.redfin.com/WA/Seattle/8315-17th-Ave-NW-98117/home/165652,NWMLS as Distributed by MLS Grid,2417823,N,Y,47.6892227,-122.379198
PAST SALE,November-5-2025,Single Family Residential,14812 163rd Ct NE,Woodinville,WA,98072,2230000,4,2.5,Woodinville,3840,30329,1996,,581,25,Sold,,,https://www.redfin.com/WA/Woodinville/14812-163rd-Ct-NE-98072/home/448393,NWMLS as Distributed by MLS Grid,2439763,N,Y,47.7354693,-122.1218479
PAST SALE,May-27-2025,Townhouse,3008 Alki Ave SW,Seattle,WA,98116,1402000,3,3.5,Alki,2030,2260,2015,,691,,Sold,,,https://www.redfin.com/WA/Seattle/3008-Alki-Ave-SW-98116/home/149885,NWMLS as Distributed by MLS Grid,2371569,N,Y,47.577336,-122.4162917
PAST SALE,July-31-2025,Single Family Residential,1019 209th Ave NE,Sammamish,WA,98074,827500,3,1.0,Inglewood,1240,10000,1974,,667,,Sold,,,https://www.redfin.com/WA/Sammamish/1019-209th-Ave-NE-98074/home/267571,NWMLS as Distributed by MLS Grid,2393530,N,Y,47.6190463,-122.0616309
PAST SALE,October-9-2025,Single Family Residential,15247 162nd Ave SE,Renton,WA,98058,1131000,4,2.5,Renton,2700,121904,1991,,419,33,Sold,,,https://www.redfin.com/WA/Renton/15247-162nd-Ave-SE-98058/home/423178,NWMLS as Distributed by MLS Grid,2425976,N,Y,47.4668154,-122.1241802
PAST SALE,August-6-2025,Single Family Residential,14326 Meridian Ave N,Seattle,WA,98133,650000,3,1.0,Northgate,1230,8415,1951,,528,,Sold,,,https://www.redfin.com/WA/Seattle/14326-Meridian-Ave-N-98133/home/102593,NWMLS as Distributed by MLS Grid,2403681,N,Y,47.7331097,-122.3339891
PAST SALE,June-23-2025,Single Family Residential,6012 36th Ave NW,Seattle,WA,98107,1280000,3,3.0,Sunset Hill,1590,4865,1954,,805,,Sold,,,https://www.redfin.com/WA/Seattle/6012-36th-Ave-NW-98107/home/162339,NWMLS as Distributed by MLS Grid,2375215,N,Y,47.6725992,-122.4032395
PAST SALE,June-23-2025,Townhouse,4171 145th Ave NE Unit G2,Bellevue,WA,98007,640000,2,2.5,Bridle Trails,1308,,1979,,489,658,Sold,,,https://www.redfin.com/WA/Bellevue/4171-145th-Ave-NE-98007/unit-G2/home/58946,NWMLS as Distributed by MLS Grid,2371053,N,Y,47.6475167,-122.1471555
PAST SALE,June-17-2025,Single Family Residential,11151 NE 162nd St,Bothell,WA,98011,1475000,4,2.5,Norway Hill,2239,3961,2006,,659,76,Sold,,,https://www.redfin.com/WA/Bothell/11151-NE-162nd-St-98011/home/2071120,NWMLS as Distributed by MLS Grid,2352113,N,Y,47.7451701,-122.1929335
PAST SALE,September-5-2025,Single Family Residential,11409 34th Ave SW,Seattle,WA,98146,861500,3,1.5,Arbor Heights,1470,7236,1953,,586,,Sold,,,https://www.redfin.com/WA/Seattle/11409-34th-Ave-SW-98146/home/157740,NWMLS as Distributed by MLS Grid,2414121,N,Y,47.5009885,-122.3757965
PAST SALE,July-16-2025,Condo/Co-op,4444 44th Ave SW #101,Seattle,WA,98116,450000,2,2.0,West Seattle,1129,,1975,,399,669,Sold,,,https://www.redfin.com/WA/Seattle/4444-44th-Ave-SW-98116/unit-101/home/42231,NWMLS as Distributed by MLS Grid,2395946,N,Y,47.5634012,-122.3877545
PAST SALE,May-23-2025,Townhouse,2628 SW Myrtle St,Seattle,WA,98106,650000,3,2.5,West Seattle,1670,1826,2008,,389,326,Sold,,,https://www.redfin.com/WA/Seattle/2628-SW-Myrtle-St-98106/home/12090526,NWMLS as Distributed by MLS Grid,2365621,N,Y,47.539346,-122.367469
PAST SALE,October-7-2025,Single Family Residential,2316 SW 328th St,Federal Way,WA,98023,430000,3,1.0,Federal Way,1160,9010,1962,,371,,Sold,,,https://www.redfin.com/WA/Federal-Way/2316-SW-328th-St-98023/home/355045,NWMLS as Distributed by MLS Grid,2426987,N,Y,47.3085941,-122.3633639
PAST SALE,August-25-2025,Townhouse,13816 Greenwood Ave N Unit A,Seattle,WA,98133,623000,3,2.5,Greenwood,1370,1001,2009,,455,,Sold,,,https://www.redfin.com/WA/Seattle/13816-Greenwood-Ave-N-98133/unit-A/home/22225057,NWMLS as Distributed by MLS Grid,2389585,N,Y,47.730219,-122.3550394
PAST SALE,,Condo/Co-op,135 N 46th St,Seattle,WA,98103,598000,2,2.0,,1120,,1973,,534,,,,,https://www.redfin.com/WA/Seattle/135-N-46th-St-98103/home/65621,,,N,Y,47.6622179,-122.356341
PAST SALE,August-12-2025,Townhouse,1899 NE Kenyon Ct,Issaquah,WA,98029,995000,3,3.5,Issaquah Highlands,1860,2000,2004,,535,577,Sold,,,https://www.redfin.com/WA/Issaquah/1899-NE-Kenyon-Ct-98029/home/467969,NWMLS as Distributed by MLS Grid,2404022,N,Y,47.5477096,-122.0028464
PAST SALE,July-2-2025,Single Family Residential,516 235th Ave NE,Sammamish,WA,98074,2810000,5,4.5,Sammamish,4516,11059,2019,,622,110,Sold,,,https://www.redfin.com/WA/Sammamish/516-235th-Ave-NE-98074/home/170477288,NWMLS as Distributed by MLS Grid,2377321,N,Y,47.6140169,-122.0248343
PAST SALE,August-1-2025,Condo/Co-op,33020 10th Ave SW Unit E204,Federal Way,WA,98023,255000,2,2.0,Federal Way,957,,1995,,266,599,Sold,,,https://www.redfin.com/WA/Federal-Way/33020-10th-Ave-SW-98023/unit-E204/home/26516,NWMLS as Distributed by MLS Grid,2393964,N,Y,47.303878,-122.345704
PAST SALE,June-27-2025,Single Family Residential,22734 SE 265th Pl,Maple Valley,WA,98038,1100000,4,3.0,Maple Valley,2670,5993,2017,,412,65,Sold,,,https://www.redfin.com/WA/Maple-Valley/22734-SE-265th-Pl-98038/home/143457314,NWMLS as Distributed by MLS Grid,2370344,N,Y,47.3639116,-122.0387805
PAST SALE,August-29-2025,Single Family Residential,223 19th Ave,Kirkland,WA,98033,1555000,4,3.0,Kirkland,1860,10012,1981,,836,,Sold,,,https://www.redfin.com/WA/Kirkland/223-19th-Ave-98033/home/461266,NWMLS as Distributed by MLS Grid,2408575,N,Y,47.6909733,-122.2058405
PAST SALE,June-24-2025,Single Family Residential,11036 2nd Ave S,Seattle,WA,98168,550000,2,1.0,Seattle,920,7500,1948,,598,,Sold,,,https://www.redfin.com/WA/Seattle/11036-2nd-Ave-S-98168/home/189766,NWMLS as Distributed by MLS Grid,2374422,N,Y,47.5037782,-122.330785
PAST SALE,August-22-2025,Single Family Residential,3942 S Pilgrim St,Seattle,WA,98118,663458,4,2.0,Beacon Hill,2600,9751,1947,,255,,Sold,,,https://www.redfin.com/WA/Seattle/3942-S-Pilgrim-St-98118/home/479945,NWMLS as Distributed by MLS Grid,2412440,N,Y,47.5158912,-122.2826874
PAST SALE,July-10-2025,Single Family Residential,13926 163rd Pl SE,Renton,WA,98059,1575000,6,4.0,Maplewood Heights,3680,6919,2014,,428,79,Sold,,,https://www.redfin.com/WA/Renton/13926-163rd-Pl-SE-98059/home/55550817,NWMLS as Distributed by MLS Grid,2386679,N,Y,47.4778662,-122.1221071
PAST SALE,October-16-2025,Condo/Co-op,3104 Western Ave #602,Seattle,WA,98121,375000,1,1.0,Belltown,774,,2008,,484,694,Sold,,,https://www.redfin.com/WA/Seattle/3104-Western-Ave-98121/unit-602/home/17382840,NWMLS as Distributed by MLS Grid,2436991,N,Y,47.618195,-122.356091
PAST SALE,July-11-2025,Single Family Residential,20914 6th Ave S,Des Moines,WA,98198,679950,3,2.5,North Hill,2203,10000,1976,,309,,Sold,,,https://www.redfin.com/WA/Des-Moines/20914-6th-Ave-S-98198/home/337314,NWMLS as Distributed by MLS Grid,2379143,N,Y,47.4143424,-122.3271303
PAST SALE,August-13-2025,Single Family Residential,4009 32nd Ave SW,Seattle,WA,98126,975000,3,2.0,West Seattle,1942,6500,1940,,502,,Sold,,,https://www.redfin.com/WA/Seattle/4009-32nd-Ave-SW-98126/home/159958,NWMLS as Distributed by MLS Grid,2390709,N,Y,47.5676453,-122.3725395
PAST SALE,October-10-2025,Single Family Residential,1216 SW 331st St,Federal Way,WA,98023,750000,4,2.5,Alderbrook,2530,7350,1989,,296,23,Sold,,,https://www.redfin.com/WA/Federal-Way/1216-SW-331st-St-98023/home/359252,NWMLS as Distributed by MLS Grid,2420219,N,Y,47.3050828,-122.3519609
PAST SALE,June-5-2025,Single Family Residential,238 S 197th St,Des Moines,WA,98148,585000,3,1.0,North Hill,1320,9948,1952,,443,,Sold,,,https://www.redfin.com/WA/Des-Moines/238-S-197th-St-98148/home/340069,NWMLS as Distributed by MLS Grid,2366344,N,Y,47.4258276,-122.3318697
PAST SALE,August-8-2025,Single Family Residential,24838 145th Ln SE,Kent,WA,98042,500000,4,2.5,Lake Meridian,1820,2900,1981,,275,407,Sold,,,https://www.redfin.com/WA/Kent/24838-145th-Ln-SE-98042/home/398635,NWMLS as Distributed by MLS Grid,2389826,N,Y,47.3789188,-122.1458321
PAST SALE,June-26-2025,Single Family Residential,18820 SE 213th St,Renton,WA,98058,850000,5,2.5,Shadow Lake,2320,45274,1963,,366,,Sold,,,https://www.redfin.com/WA/Renton/18820-SE-213th-St-98058/home/391867,NWMLS as Distributed by MLS Grid,2379320,N,Y,47.4116634,-122.0896039
PAST SALE,September-23-2025,Single Family Residential,19460 NE Redmond Rd,Redmond,WA,98053,813000,3,1.0,Novelty Hill,1130,24700,1958,,719,,Sold,,,https://www.redfin.com/WA/Redmond/19460-NE-Redmond-Rd-98053/home/444932,NWMLS as Distributed by MLS Grid,2422564,N,Y,47.6918438,-122.0802474
PAST SALE,June-20-2025,Single Family Residential,5003 120th Ave SE,Bellevue,WA,98006,1560000,6,3.0,Newport Hills,2650,10342,1970,,589,,Sold,,,https://www.redfin.com/WA/Bellevue/5003-120th-Ave-SE-98006/home/415968,NWMLS as Distributed by MLS Grid,2378890,N,Y,47.5581868,-122.177778
PAST SALE,August-29-2025,Single Family Residential,436 27th Ave E,Seattle,WA,98112,1670000,3,3.5,Arboretum,2930,4000,2003,,570,,Sold,,,https://www.redfin.com/WA/Seattle/436-27th-Ave-E-98112/home/147047,NWMLS as Distributed by MLS Grid,2408489,N,Y,47.6237809,-122.2974494
PAST SALE,July-15-2025,Single Family Residential,14008 Roslyn Pl N,Seattle,WA,98133,739000,4,2.0,Northgate,1800,5040,1966,,411,,Sold,,,https://www.redfin.com/WA/Seattle/14008-Roslyn-Pl-N-98133/home/102029,NWMLS as Distributed by MLS Grid,2375478,N,Y,47.7307451,-122.340463
PAST SALE,July-24-2025,Single Family Residential,7525 28th Ave SW,Seattle,WA,98126,620000,4,2.0,West Seattle,1880,6820,1953,,330,,Sold,,,https://www.redfin.com/WA/Seattle/7525-28th-Ave-SW-98126/home/473428,NWMLS as Distributed by MLS Grid,2401129,N,Y,47.5347428,-122.3688563
PAST SALE,August-18-2025,Single Family Residential,18645 2nd Ave SW,Normandy Park,WA,98166,1025000,3,3.0,Normandy Park,2240,12000,1984,,458,,Sold,,,https://www.redfin.com/WA/Normandy-Park/18645-2nd-Ave-SW-98166/home/333633,NWMLS as Distributed by MLS Grid,2403937,N,Y,47.4349823,-122.3388649
PAST SALE,June-30-2025,Single Family Residential,218 238th Ave SE,Sammamish,WA,98074,2325000,4,3.0,Sammamish,3870,7981,2001,,601,80,Sold,,,https://www.redfin.com/WA/Sammamish/218-238th-Ave-SE-98074/home/265246,NWMLS as Distributed by MLS Grid,2370628,N,Y,47.6072748,-122.0214453
PAST SALE,July-9-2025,Single Family Residential,30524 56th Ave S,Auburn,WA,98001,440000,3,1.0,West Hill,950,8517,1962,,463,,Sold,,,https://www.redfin.com/WA/Auburn/30524-56th-Ave-S-98001/home/210373,NWMLS as Distributed by MLS Grid,2382063,N,Y,47.3281782,-122.2652144
PAST SALE,September-29-2025,Single Family Residential,15631 Issaquah Hobart Rd SE,Issaquah,WA,98027,1025000,4,3.5,Issaquah,3020,23533,1971,,339,,Sold,,,https://www.redfin.com/WA/Issaquah/15631-Issaquah-Hobart-Rd-SE-98027/home/423655,NWMLS as Distributed by MLS Grid,2421476,N,Y,47.4615639,-122.0112986
PAST SALE,,Single Family Residential,1215 NE 148th St,Shoreline,WA,98155,1000000,4,2.5,,2220,6703,2001,,450,,,,,https://www.redfin.com/WA/Shoreline/1215-NE-148th-St-98155/home/87941,,,N,Y,47.7361971,-122.3146316
PAST SALE,May-29-2025,Townhouse,3008 NW 85th St,Seattle,WA,98117,800000,3,2.5,Ballard,1390,1517,2001,,576,,Sold,,,https://www.redfin.com/WA/Seattle/3008-NW-85th-St-98117/home/164112,NWMLS as Distributed by MLS Grid,2356481,N,Y,47.6907101,-122.3964414
PAST SALE,July-11-2025,Single Family Residential,22237 SE 270th Ln,Maple Valley,WA,98038,690000,3,2.5,Maple Valley,1800,3598,2012,,383,84,Sold,,,https://www.redfin.com/WA/Maple-Valley/22237-SE-270th-Ln-98038/home/35625367,NWMLS as Distributed by MLS Grid,2393940,N,Y,47.3588007,-122.0447619
PAST SALE,September-15-2025,Condo/Co-op,26239 114th Ln SE #40,Kent,WA,98030,300000,2,2.5,East Hill,1048,,1992,,286,500,Sold,,,https://www.redfin.com/WA/Kent/26239-114th-Ln-SE-98030/unit-40/home/196915125,NWMLS as Distributed by MLS Grid,2418476,N,Y,47.3664676,-122.1890377
PAST SALE,June-13-2025,Townhouse,2316 W Dravus St,Seattle,WA,98199,800000,2,2.0,Magnolia,1612,2540,1954,,496,,Sold,,,https://www.redfin.com/WA/Seattle/2316-W-Dravus-St-98199/home/125093,NWMLS as Distributed by MLS Grid,2366692,N,Y,47.6487031,-122.3868205
PAST SALE,May-22-2025,Single Family Residential,32963 NE 52nd St,Carnation,WA,98014,1225000,5,2.5,Carnation,3290,10507,2015,,372,65,Sold,,,https://www.redfin.com/WA/Carnation/32963-NE-52nd-St-98014/home/79108140,NWMLS as Distributed by MLS Grid,2361051,N,Y,47.6526388,-121.8989426
PAST SALE,September-16-2025,Single Family Residential,4027 S 128th St,Tukwila,WA,98168,605000,2,2.0,Foster,2180,9375,1919,,278,,Sold,,,https://www.redfin.com/WA/Tukwila/4027-S-128th-St-98168/home/192260,NWMLS as Distributed by MLS Grid,2416007,N,Y,47.4883638,-122.282682
PAST SALE,May-19-2025,Single Family Residential,13518 92nd Pl NE,Kirkland,WA,98034,1000000,3,1.5,Finn Hill,1580,7178,1974,,633,,Sold,,,https://www.redfin.com/WA/Kirkland/13518-92nd-Pl-NE-98034/home/279292,NWMLS as Distributed by MLS Grid,2360110,N,Y,47.721073,-122.2175398
PAST SALE,October-28-2025,Single Family Residential,5468 18th Ave SW,Seattle,WA,98106,930000,4,2.5,West Seattle,2300,5515,2006,,404,,Sold,,,https://www.redfin.com/WA/Seattle/5468-18th-Ave-SW-98106/home/8187527,NWMLS as Distributed by MLS Grid,2430246,N,Y,47.5517997,-122.3568229
PAST SALE,May-21-2025,Single Family Residential,2602 NW 199th St,Shoreline,WA,98177,1725000,4,2.5,Richmond Beach,3210,7165,1986,,537,,Sold,,,https://www.redfin.com/WA/Shoreline/2602-NW-199th-St-98177/home/74555,NWMLS as Distributed by MLS Grid,2360999,N,Y,47.7740194,-122.3906548
PAST SALE,October-15-2025,Townhouse,1003 Sturgus Ave S,Seattle,WA,98144,639450,3,2.5,N Beacon Hill,1390,891,2018,,460,,Sold,,,https://www.redfin.com/WA/Seattle/1003-Sturgus-Ave-S-98144/home/167373024,NWMLS as Distributed by MLS Grid,2430103,N,Y,47.593692,-122.314357
PAST SALE,June-6-2025,Townhouse,4418 Corliss Ave N Unit B,Seattle,WA,98103,675900,2,1.5,Wallingford,953,,1998,,709,225,Sold,,,https://www.redfin.com/WA/Seattle/4418-Corliss-Ave-N-98103/unit-B/home/45824,NWMLS as Distributed by MLS Grid,2365913,N,Y,47.6608836,-122.3310114
PAST SALE,July-29-2025,Condo/Co-op,412 11th Ave #504,Seattle,WA,98122,355000,1,1.0,First Hill,662,,2002,,536,535,Sold,,,https://www.redfin.com/WA/Seattle/412-11th-Ave-98122/unit-504/home/12091565,NWMLS as Distributed by MLS Grid,2398573,N,Y,47.6058623,-122.3177191
PAST SALE,August-7-2025,Single Family Residential,2947 275th Ave SE,Sammamish,WA,98075,1860000,4,3.5,Aldarra,3280,8448,2007,,567,100,Sold,,,https://www.redfin.com/WA/Sammamish/2947-275th-Ave-SE-98075/home/12303005,NWMLS as Distributed by MLS Grid,2400648,N,Y,47.581765,-121.972632
PAST SALE,June-26-2025,Single Family Residential,19852 NE 124th Pl,Woodinville,WA,98077,2065000,3,2.5,Woodinville,2890,16397,1997,,715,67,Sold,,,https://www.redfin.com/WA/Woodinville/19852-NE-124th-Pl-98077/home/445123,NWMLS as Distributed by MLS Grid,2376005,N,Y,47.7102029,-122.0717632
PAST SALE,October-10-2025,Single Family Residential,9726 NE 128th St,Kirkland,WA,98034,920300,4,2.0,Kirkland,1510,7770,1974,,609,,Sold,,,https://www.redfin.com/WA/Kirkland/9726-NE-128th-St-98034/home/279089,NWMLS as Distributed by MLS Grid,2426485,N,Y,47.7149452,-122.2106408
PAST SALE,July-3-2025,Single Family Residential,26708 NE 40th St,Redmond,WA,98053,950000,3,1.5,Redmond,1730,43472,1984,,549,,Sold,,,https://www.redfin.com/WA/Redmond/26708-NE-40th-St-98053/home/446855,NWMLS as Distributed by MLS Grid,2382937,N,Y,47.64459,-121.9824568
PAST SALE,October-30-2025,Townhouse,11720 Greenwood Ave N Unit A,Seattle,WA,98133,540000,2,1.5,Greenwood,870,758,2001,,621,,Sold,,,https://www.redfin.com/WA/Seattle/11720-Greenwood-Ave-N-98133/unit-A/home/97703,NWMLS as Distributed by MLS Grid,2438318,N,Y,47.71481,-122.355236
PAST SALE,July-29-2025,Single Family Residential,16102 NE 107th Ct,Redmond,WA,98052,1155000,3,3.0,Education Hill,1440,6853,1980,,802,,Sold,,,https://www.redfin.com/WA/Redmond/16102-NE-107th-Ct-98052/home/324278,NWMLS as Distributed by MLS Grid,2396997,N,Y,47.6967063,-122.1244766
PAST SALE,May-30-2025,Condo/Co-op,812 5th Ave N #304,Seattle,WA,98109,340000,0,1.0,Queen Anne,481,,2002,,707,355,Sold,,,https://www.redfin.com/WA/Seattle/812-5th-Ave-N-98109/unit-304/home/2118442,NWMLS as Distributed by MLS Grid,2364177,N,Y,47.6268605,-122.3472478
PAST SALE,June-13-2025,Single Family Residential,910 N 75th St,Seattle,WA,98103,1010000,3,2.0,Greenwood,1870,4000,1924,,540,,Sold,,,https://www.redfin.com/WA/Seattle/910-N-75th-St-98103/home/300195,NWMLS as Distributed by MLS Grid,2373597,N,Y,47.6835001,-122.3458858
PAST SALE,September-10-2025,Single Family Residential,23704 112th Ave SE,Kent,WA,98031,824950,3,1.0,East Hill,2770,41849,1936,,298,,Sold,,,https://www.redfin.com/WA/Kent/23704-112th-Ave-SE-98031/home/223440,NWMLS as Distributed by MLS Grid,2424785,N,Y,47.38944,-122.191235
PAST SALE,August-7-2025,Condo/Co-op,7711 NE 175 St Unit E110,Kenmore,WA,98028,454000,2,2.0,Kenmore,1078,,2007,,421,554,Sold,,,https://www.redfin.com/WA/Kenmore/7711-NE-175th-St-98028/unit-E110/home/12304441,NWMLS as Distributed by MLS Grid,2401773,N,Y,47.755274,-122.238368
PAST SALE,October-21-2025,Single Family Residential,3901 SW Hanford St,Seattle,WA,98116,1172000,3,2.0,Belvidere,2080,5340,1961,,563,,Sold,,,https://www.redfin.com/WA/Seattle/3901-SW-Hanford-St-98116/home/329126,NWMLS as Distributed by MLS Grid,2434727,N,Y,47.5754461,-122.3816967
PAST SALE,June-12-2025,Condo/Co-op,8114 12th Ave SW,Seattle,WA,98106,590000,2,1.0,Highland Park,940,2479,1953,,628,10,Sold,,,https://www.redfin.com/WA/Seattle/8114-12th-Ave-SW-98106/home/475252,NWMLS as Distributed by MLS Grid,2365705,N,Y,47.5296697,-122.3503143
PAST SALE,June-12-2025,Condo/Co-op,1730 SW 318th Pl Unit 39C,Federal Way,WA,98023,280000,2,2.0,Lakota,1207,,1978,,232,583,Sold,,,https://www.redfin.com/WA/Federal-Way/1730-SW-318th-Pl-98023/unit-39C/home/10387,NWMLS as Distributed by MLS Grid,2362235,N,Y,47.3162387,-122.3568798
PAST SALE,October-30-2025,Single Family Residential,5830 302nd Ave NE,Carnation,WA,98014,1150000,3,3.0,Ames Lake,2880,216057,1971,,399,,Sold,,,https://www.redfin.com/WA/Carnation/5830-302nd-Ave-NE-98014/home/447538,NWMLS as Distributed by MLS Grid,2428899,N,Y,47.6585101,-121.9318291
PAST SALE,June-9-2025,Single Family Residential,24514 148th Ln SE,Kent,WA,98042,800000,4,3.0,Kent,2480,50529,1963,,323,,Sold,,,https://www.redfin.com/WA/Kent/24514-148th-Ln-SE-98042/home/401920,NWMLS as Distributed by MLS Grid,2363609,N,Y,47.382785,-122.1433514
PAST SALE,June-25-2025,Single Family Residential,17140 Parkside Way SE,Renton,WA,98058,924990,5,3.0,Renton,2420,4770,2001,,382,59,Sold,,,https://www.redfin.com/WA/Renton/17140-Parkside-Way-SE-98058/home/392036,NWMLS as Distributed by MLS Grid,2363569,N,Y,47.4480742,-122.1173903
PAST SALE,June-20-2025,Condo/Co-op,30 6th St,Kirkland,WA,98033,2240000,4,3.5,Kirkland,3010,,2019,,744,243,Sold,,,https://www.redfin.com/WA/Kirkland/30-6th-St-98033/home/166965629,NWMLS as Distributed by MLS Grid,2370749,N,Y,47.6761495,-122.1965301
PAST SALE,,Condo/Co-op,160 Newport Way NW Unit F47,Issaquah,WA,98027,425000,2,1.5,,1015,,1986,,419,,,,,https://www.redfin.com/WA/Issaquah/160-Newport-Way-NW-98027/unit-F47/home/2091968,,,N,Y,47.532647,-122.042506
PAST SALE,October-17-2025,Condo/Co-op,2551 Thorndyke Ave W #203,Seattle,WA,98199,629000,2,2.5,Magnolia,1296,,2003,,485,758,Sold,,,https://www.redfin.com/WA/Seattle/2551-Thorndyke-Ave-W-98199/unit-203/home/176026563,NWMLS as Distributed by MLS Grid,2431486,N,Y,47.6424078,-122.3854469
PAST SALE,June-3-2025,Single Family Residential,2917 266th Ave SE,Sammamish,WA,98075,1560000,3,2.5,Sammamish,3410,35026,1990,,457,8,Sold,,,https://www.redfin.com/WA/Sammamish/2917-266th-Ave-SE-98075/home/440297,NWMLS as Distributed by MLS Grid,2357734,N,Y,47.5822974,-121.98609
PAST SALE,September-23-2025,Single Family Residential,1310 NE 52nd St,Seattle,WA,98105,750000,6,3.0,University District,1480,2100,1902,,507,,Sold,,,https://www.redfin.com/WA/Seattle/1310-NE-52nd-St-98105/home/311610,NWMLS as Distributed by MLS Grid,2421000,N,Y,47.6666006,-122.3137303
PAST SALE,July-7-2025,Single Family Residential,9404 S 248th St,Kent,WA,98030,600000,3,2.0,Kent,2080,10454,1958,,288,,Sold,,,https://www.redfin.com/WA/Kent/9404-S-248th-St-98030/home/397407,NWMLS as Distributed by MLS Grid,2373307,N,Y,47.3798585,-122.2150463
PAST SALE,May-16-2025,Condo/Co-op,425 23rd Ave S Unit A109,Seattle,WA,98144,320000,0,1.0,Seattle,596,,2005,,537,383,Sold,,,https://www.redfin.com/WA/Seattle/425-23rd-Ave-S-98144/unit-A109/home/2091148,NWMLS as Distributed by MLS Grid,2353023,N,Y,47.5982517,-122.302551
PAST SALE,May-27-2025,Single Family Residential,13726 Densmore Ave N Unit B,Seattle,WA,98133,685000,3,2.5,Northgate,1094,1216,2025,,626,86,Sold,,,https://www.redfin.com/WA/Seattle/13726-Densmore-Ave-N-98133/unit-B/home/195590512,NWMLS as Distributed by MLS Grid,2369895,N,Y,47.7294506,-122.3379813
PAST SALE,September-25-2025,Townhouse,4725 35th Ave S,Seattle,WA,98118,798000,3,3.0,Columbia City,1550,2089,2017,,515,,Sold,,,https://www.redfin.com/WA/Seattle/4725-35th-Ave-S-98118/home/143457433,NWMLS as Distributed by MLS Grid,2420867,N,Y,47.559876,-122.2893087
PAST SALE,August-12-2025,Single Family Residential,4809 NE 18th St,Renton,WA,98059,830000,4,2.5,Highlands,1810,6580,2001,,459,,Sold,,,https://www.redfin.com/WA/Renton/4809-NE-18th-St-98059/home/412164,NWMLS as Distributed by MLS Grid,2401553,N,Y,47.5084376,-122.1541495
PAST SALE,May-29-2025,Single Family Residential,1520 31st Ave,Seattle,WA,98122,805000,4,1.0,Seattle,1640,5000,1928,,491,,Sold,,,https://www.redfin.com/WA/Seattle/1520-31st-Ave-98122/home/148350,NWMLS as Distributed by MLS Grid,2361607,N,Y,47.6147838,-122.2921419
PAST SALE,September-9-2025,Single Family Residential,34409 15th Pl SW,Federal Way,WA,98023,600000,4,2.5,Madrona,1790,6000,1991,,335,6,Sold,,,https://www.redfin.com/WA/Federal-Way/34409-15th-Pl-SW-98023/home/359344,NWMLS as Distributed by MLS Grid,2401234,N,Y,47.292773,-122.3554575
PAST SALE,October-8-2025,Single Family Residential,8258 Interlake Ave N,Seattle,WA,98103,1240000,4,3.0,Green Lake,2440,4053,1930,,508,,Sold,,,https://www.redfin.com/WA/Seattle/8258-Interlake-Ave-N-98103/home/307539,NWMLS as Distributed by MLS Grid,2426892,N,Y,47.6903871,-122.3401998
PAST SALE,August-12-2025,Single Family Residential,2134 N 160th St,Shoreline,WA,98133,680000,4,1.0,Shoreline,1145,9058,1948,,594,,Sold,,,https://www.redfin.com/WA/Shoreline/2134-N-160th-St-98133/home/81633,NWMLS as Distributed by MLS Grid,2397370,N,Y,47.7452593,-122.3331438
PAST SALE,June-23-2025,Single Family Residential,1521 55th Ct SE,Auburn,WA,98092,685000,4,3.0,Lakeland,2593,7701,1995,,264,30,Sold,,,https://www.redfin.com/WA/Auburn/1521-55th-Ct-SE-98092/home/215325,NWMLS as Distributed by MLS Grid,2379128,N,Y,47.2591395,-122.2104379
PAST SALE,November-6-2025,Single Family Residential,16261 12th Ave NE,Shoreline,WA,98155,675000,3,1.0,Ridgecrest,1490,8148,1932,,453,,Sold,,,https://www.redfin.com/WA/Shoreline/16261-12th-Ave-NE-98155/home/86569,NWMLS as Distributed by MLS Grid,2441390,N,Y,47.7478407,-122.3161517
PAST SALE,November-6-2025,Single Family Residential,10804 SE 232nd Pl,Kent,WA,98031,658250,3,2.0,Kent,1430,7725,1967,,460,,Sold,,,https://www.redfin.com/WA/Kent/10804-SE-232nd-Pl-98031/home/222000,NWMLS as Distributed by MLS Grid,2439177,N,Y,47.3940418,-122.1968179
PAST SALE,July-28-2025,Single Family Residential,5467 16th Ave SW,Seattle,WA,98106,685000,3,1.5,Delridge,1710,7866,1962,,401,,Sold,,,https://www.redfin.com/WA/Seattle/5467-16th-Ave-SW-98106/home/161439,NWMLS as Distributed by MLS Grid,2395073,N,Y,47.5518019,-122.3550792
PAST SALE,May-30-2025,Single Family Residential,2677 Olie Ann Pl,Enumclaw,WA,98022,848000,4,3.5,Enumclaw,3200,8389,2018,,265,32,Sold,,,https://www.redfin.com/WA/Enumclaw/2677-Olie-Ann-Pl-98022/home/145709702,NWMLS as Distributed by MLS Grid,2331411,N,Y,47.1973552,-122.003848
PAST SALE,May-30-2025,Single Family Residential,1024 S 115th St,Seattle,WA,98168,600000,2,1.5,Riverton,1560,6120,1954,,385,,Sold,,,https://www.redfin.com/WA/Seattle/1024-S-115th-St-98168/home/186846,NWMLS as Distributed by MLS Grid,2338300,N,Y,47.5003481,-122.3193699
PAST SALE,June-18-2025,Single Family Residential,837 SW 125th St,Seattle,WA,98146,460000,3,1.0,Seattle,1040,8504,1954,,442,,Sold,,,https://www.redfin.com/WA/Seattle/837-SW-125th-St-98146/home/182248,NWMLS as Distributed by MLS Grid,2353531,N,Y,47.4909485,-122.3461328
PAST SALE,July-3-2025,Single Family Residential,19647 Military Rd S,Seatac,WA,98188,1330000,3,2.5,SeaTac,2460,14747,1988,,541,,Sold,,,https://www.redfin.com/WA/Seatac/19647-Military-Rd-S-98188/home/340471,NWMLS as Distributed by MLS Grid,2374700,N,Y,47.4262069,-122.2817956
PAST SALE,September-3-2025,Single Family Residential,8351 Jones Ave NW,Seattle,WA,98117,1330000,4,2.5,Loyal Heights,2483,4000,1940,,536,,Sold,,,https://www.redfin.com/WA/Seattle/8351-Jones-Ave-NW-98117/home/163924,NWMLS as Distributed by MLS Grid,2416083,N,Y,47.6902326,-122.3867538
PAST SALE,August-29-2025,Single Family Residential,115 E St SE,Auburn,WA,98002,590000,5,1.5,Downtown - Auburn,3100,6000,1920,,190,,Sold,,,https://www.redfin.com/WA/Auburn/115-E-St-SE-98002/home/217710,NWMLS as Distributed by MLS Grid,2408261,N,Y,47.3064279,-122.2231569
PAST SALE,July-22-2025,Single Family Residential,33112 42nd Ave S,Federal Way,WA,98001,705000,5,3.5,Federal Way,3180,5536,2007,,222,36,Sold,,,https://www.redfin.com/WA/Federal-Way/33112-42nd-Ave-S-98001/home/12317823,NWMLS as Distributed by MLS Grid,2387432,N,Y,47.3042779,-122.2813261
PAST SALE,September-17-2025,Single Family Residential,32710 5th Ave SW,Federal Way,WA,98023,703500,4,3.0,West Campus,2680,8190,1980,,263,,Sold,,,https://www.redfin.com/WA/Federal-Way/32710-5th-Ave-SW-98023/home/357863,NWMLS as Distributed by MLS Grid,2401207,N,Y,47.3093074,-122.3401809
PAST SALE,October-14-2025,Condo/Co-op,1600 43rd Ave E #206,Seattle,WA,98112,850000,2,2.0,Madison Park,1246,,1959,,682,1600,Sold,,,https://www.redfin.com/WA/Seattle/1600-43rd-Ave-E-98112/unit-206/home/73082,NWMLS as Distributed by MLS Grid,2394344,N,Y,47.6334617,-122.2762716
PAST SALE,August-7-2025,Townhouse,201 20th Ave E,Seattle,WA,98112,999000,3,2.5,Central Area,1470,1259,2009,,680,,Sold,,,https://www.redfin.com/WA/Seattle/201-20th-Ave-E-98112/home/22525864,NWMLS as Distributed by MLS Grid,2391635,N,Y,47.6198006,-122.3063543
PAST SALE,May-16-2025,Single Family Residential,31048 133rd Ave SE,Auburn,WA,98092,680000,4,2.5,Lea Hill,2445,4000,2006,,278,35,Sold,,,https://www.redfin.com/WA/Auburn/31048-133rd-Ave-SE-98092/home/2080209,NWMLS as Distributed by MLS Grid,2347903,N,Y,47.3235854,-122.16455
PAST SALE,May-23-2025,Single Family Residential,15309 Stone Ave N,Shoreline,WA,98133,917500,4,2.5,Parkwood,2140,10883,1959,,429,,Sold,,,https://www.redfin.com/WA/Shoreline/15309-Stone-Ave-N-98133/home/81165,NWMLS as Distributed by MLS Grid,2356052,N,Y,47.7398191,-122.3426671
PAST SALE,August-22-2025,Single Family Residential,817 E Shelby St,Seattle,WA,98102,1965000,4,3.5,Portage Bay,3750,5500,1923,,524,,Sold,,,https://www.redfin.com/WA/Seattle/817-E-Shelby-St-98102/home/137292,NWMLS as Distributed by MLS Grid,2406032,N,Y,47.6467495,-122.3211776
PAST SALE,June-16-2025,Townhouse,810 SW 96th Pl,Seattle,WA,98106,545500,2,2.0,West Seattle,1227,1493,2014,,445,281,Sold,,,https://www.redfin.com/WA/Seattle/810-SW-96th-Pl-98106/home/8188404,NWMLS as Distributed by MLS Grid,2372954,N,Y,47.517025,-122.346102
PAST SALE,June-9-2025,Single Family Residential,8546 381st Pl SE,Snoqualmie,WA,98065,600000,2,1.0,Snoqualmie,1020,12232,1917,,588,,Sold,,,https://www.redfin.com/WA/Snoqualmie/8546-381st-Pl-SE-98065/home/482835,NWMLS as Distributed by MLS Grid,2353363,N,Y,47.5233592,-121.8316158
PAST SALE,July-1-2025,Single Family Residential,23325 SE 269th St,Maple Valley,WA,98038,600000,3,2.0,Maple Valley,1080,12972,1968,,556,,Sold,,,https://www.redfin.com/WA/Maple-Valley/23325-SE-269th-St-98038/home/2066952,NWMLS as Distributed by MLS Grid,2363557,N,Y,47.3604612,-122.0303252
PAST SALE,August-15-2025,Single Family Residential,4502 41st Ave S,Seattle,WA,98118,1800000,3,2.5,Columbia City,3690,6000,2019,,488,,Sold,,,https://www.redfin.com/WA/Seattle/4502-41st-Ave-S-98118/home/491646,NWMLS as Distributed by MLS Grid,2401835,N,Y,47.5626862,-122.2814745
PAST SALE,July-18-2025,Single Family Residential,12048 Standring Ct SW,Burien,WA,98146,1350000,4,3.0,Shorewood,2580,14242,1958,,523,,Sold,,,https://www.redfin.com/WA/Burien/12048-Standring-Ct-SW-98146/home/332658,NWMLS as Distributed by MLS Grid,2389669,N,Y,47.4946824,-122.3689866
PAST SALE,September-9-2025,Single Family Residential,3429 SE 5th St,Renton,WA,98058,530000,3,1.0,Renton,980,8242,1944,,541,,Sold,,,https://www.redfin.com/WA/Renton/3429-SE-5th-St-98058/home/422868,NWMLS as Distributed by MLS Grid,2414160,N,Y,47.4763139,-122.1724683
PAST SALE,June-4-2025,Townhouse,716 11th Ave E Unit B,Seattle,WA,98102,750000,2,2.0,Capitol Hill,960,591,2021,,781,57,Sold,,,https://www.redfin.com/WA/Seattle/716-11th-Ave-E-98102/unit-B/home/175221614,NWMLS as Distributed by MLS Grid,2360985,N,Y,47.6258258,-122.3178232
PAST SALE,May-27-2025,Single Family Residential,23454 25th Ave S,Des Moines,WA,98198,595000,3,2.0,Des Moines,1490,10450,1956,,399,,Sold,,,https://www.redfin.com/WA/Des-Moines/23454-25th-Ave-S-98198/home/203376,NWMLS as Distributed by MLS Grid,2365663,N,Y,47.3904006,-122.301471
PAST SALE,September-24-2025,Single Family Residential,16702 SE 262nd Pl,Covington,WA,98042,709000,4,2.5,Covington,2530,5412,2004,,280,24,Sold,,,https://www.redfin.com/WA/Covington/16702-SE-262nd-Pl-98042/home/2076274,NWMLS as Distributed by MLS Grid,2421101,N,Y,47.3669793,-122.1188031
PAST SALE,August-29-2025,Single Family Residential,205 SW 301st St,Federal Way,WA,98023,543259,3,1.0,Federal Way,1370,10800,1960,,397,,Sold,,,https://www.redfin.com/WA/Federal-Way/205-SW-301st-St-98023/home/350597,NWMLS as Distributed by MLS Grid,2410059,N,Y,47.3316657,-122.3370297
PAST SALE,August-22-2025,Single Family Residential,1435 S 263rd Pl,Des Moines,WA,98198,725000,4,3.0,Woodmont,2130,14333,1983,,340,,Sold,,,https://www.redfin.com/WA/Des-Moines/1435-S-263rd-Pl-98198/home/346121,NWMLS as Distributed by MLS Grid,2403704,N,Y,47.3654377,-122.3137887
PAST SALE,August-29-2025,Townhouse,352 227th Ln NE #142,Sammamish,WA,98074,770000,3,2.5,Sammamish,1490,,2001,,517,449,Sold,,,https://www.redfin.com/WA/Sammamish/352-227th-Ln-NE-98074/unit-142/home/14426,NWMLS as Distributed by MLS Grid,2406344,N,Y,47.6126531,-122.0360324
PAST SALE,June-30-2025,Condo/Co-op,215 20th Ave E #305,Seattle,WA,98112,709000,3,2.0,Seattle,1341,,1999,,529,1052,Sold,,,https://www.redfin.com/WA/Seattle/215-20th-Ave-E-98112/unit-305/home/8136,NWMLS as Distributed by MLS Grid,2370497,N,Y,47.6201392,-122.3063648
PAST SALE,June-27-2025,Condo/Co-op,1756 NW 57th St #10,Seattle,WA,98107,545000,2,2.5,Ballard,1191,,1986,,458,684,Sold,,,https://www.redfin.com/WA/Seattle/1756-NW-57th-St-98107/unit-10/home/62104,NWMLS as Distributed by MLS Grid,2367788,N,Y,47.6704049,-122.3813687
PAST SALE,October-31-2025,Single Family Residential,20245 148th Ave SE,Kent,WA,98042,845000,4,3.0,Kent,3180,102564,1965,,266,,Sold,,,https://www.redfin.com/WA/Kent/20245-148th-Ave-SE-98042/home/395432,NWMLS as Distributed by MLS Grid,2429635,N,Y,47.4200056,-122.1444428
PAST SALE,October-16-2025,Condo/Co-op,12818 SE 41st Ln Unit B103,Bellevue,WA,98006,480000,2,2.0,Factoria,1014,,1980,,473,375,Sold,,,https://www.redfin.com/WA/Bellevue/12818-SE-41st-Ln-98006/unit-B103/home/175995307,NWMLS as Distributed by MLS Grid,2424850,N,Y,47.57113,-122.1689345
PAST SALE,July-15-2025,Single Family Residential,18737 63rd Ave NE,Kenmore,WA,98028,2400000,6,5.5,Kenmore,5630,24750,2001,,426,,Sold,,,https://www.redfin.com/WA/Kenmore/18737-63rd-Ave-NE-98028/home/95121,NWMLS as Distributed by MLS Grid,2388217,N,Y,47.7655366,-122.2589596
PAST SALE,May-27-2025,Single Family Residential,1031 SE 12th St,North Bend,WA,98045,1225000,4,3.0,North Bend,2790,6531,2013,,439,87,Sold,,,https://www.redfin.com/WA/North-Bend/1031-SE-12th-St-98045/home/44656994,NWMLS as Distributed by MLS Grid,2355456,N,Y,47.481899,-121.772259
PAST SALE,October-20-2025,Single Family Residential,19118 121st Pl SE,Renton,WA,98058,847000,4,2.5,Renton,2010,21670,1985,,421,,Sold,,,https://www.redfin.com/WA/Renton/19118-121st-Pl-SE-98058/home/388801,NWMLS as Distributed by MLS Grid,2428739,N,Y,47.4313896,-122.1788004
PAST SALE,May-20-2025,Single Family Residential,4433 33rd Ave S,Seattle,WA,98108,1075000,4,2.5,Columbia City,2130,2527,2015,,505,180,Sold,,,https://www.redfin.com/WA/Seattle/4433-33rd-Ave-S-98108/home/28581738,NWMLS as Distributed by MLS Grid,2353811,N,Y,47.5636811,-122.2917363
PAST SALE,July-1-2025,Condo/Co-op,903 N 130th St #113,Seattle,WA,98133,300000,1,1.0,Bitter Lake,621,,1989,,483,388,Sold,,,https://www.redfin.com/WA/Seattle/903-N-130th-St-98133/unit-113/home/8262,NWMLS as Distributed by MLS Grid,2379504,N,Y,47.7229646,-122.3478618
PAST SALE,September-17-2025,Single Family Residential,12635 Beacon Ave S,Seattle,WA,98178,535000,4,2.0,Seattle,2000,11088,1943,,268,,Sold,,,https://www.redfin.com/WA/Seattle/12635-Beacon-Ave-S-98178/home/196472,NWMLS as Distributed by MLS Grid,2414115,N,Y,47.489371,-122.2512418
PAST SALE,September-26-2025,Single Family Residential,926 22nd Ave,Seattle,WA,98122,1150000,4,2.0,Central Area,2250,2400,1901,,511,,Sold,,,https://www.redfin.com/WA/Seattle/926-22nd-Ave-98122/home/144428,NWMLS as Distributed by MLS Grid,2418020,N,Y,47.6108476,-122.3034425
PAST SALE,October-8-2025,Condo/Co-op,3531 109th Pl NE #2,Bellevue,WA,98004,510000,2,1.0,Bellevue,1012,,1975,,504,709,Sold,,,https://www.redfin.com/WA/Bellevue/3531-109th-Pl-NE-98004/unit-2/home/24775,NWMLS as Distributed by MLS Grid,2399249,N,Y,47.6421555,-122.1948974
PAST SALE,July-25-2025,Single Family Residential,8002 32nd Ave NW,Seattle,WA,98117,1075000,4,1.5,Sunset Hill,2890,5382,1926,,372,,Sold,,,https://www.redfin.com/WA/Seattle/8002-32nd-Ave-NW-98117/home/165902,NWMLS as Distributed by MLS Grid,2388855,N,Y,47.6868912,-122.3979547
PAST SALE,June-2-2025,Single Family Residential,12205 Beacon Ave S,Seattle,WA,98178,795000,4,3.0,Campbell Hill,2410,28950,1946,,330,,Sold,,,https://www.redfin.com/WA/Seattle/12205-Beacon-Ave-S-98178/home/196889,NWMLS as Distributed by MLS Grid,2356415,N,Y,47.4937637,-122.2569327
PAST SALE,July-15-2025,Single Family Residential,12019 SE 292nd Way,Auburn,WA,98092,675000,5,3.0,Lea Hill,2426,3778,2016,,278,120,Sold,,,https://www.redfin.com/WA/Auburn/12019-SE-292nd-Way-98092/home/22524987,NWMLS as Distributed by MLS Grid,2374341,N,Y,47.3401147,-122.1797998
PAST SALE,August-26-2025,Single Family Residential,3754 SW 107th St,Seattle,WA,98146,970000,4,2.0,Arbor Heights,2110,13366,1949,,460,,Sold,,,https://www.redfin.com/WA/Seattle/3754-SW-107th-St-98146/home/157491,NWMLS as Distributed by MLS Grid,2407221,N,Y,47.5075319,-122.3805985
PAST SALE,May-27-2025,Condo/Co-op,21638 14th Ave S Unit E5,Des Moines,WA,98198,349990,2,1.5,Des Moines,1060,,1980,,330,642,Sold,,,https://www.redfin.com/WA/Des-Moines/21638-14th-Ave-S-98198/unit-E5/home/190499838,NWMLS as Distributed by MLS Grid,2352829,N,Y,47.407041,-122.3140884
PAST SALE,July-31-2025,Single Family Residential,806 SW 126 St,Seattle,WA,98146,757500,4,2.0,Seattle,2220,13349,1948,,341,,Sold,,,https://www.redfin.com/WA/Seattle/806-SW-126th-St-98146/home/181625,NWMLS as Distributed by MLS Grid,2396923,N,Y,47.4905594,-122.3448608
PAST SALE,September-16-2025,Single Family Residential,604 N 178th St,Shoreline,WA,98133,1261000,5,3.0,Richmond Highlands,3910,8100,1968,,323,,Sold,,,https://www.redfin.com/WA/Shoreline/604-N-178th-St-98133/home/80849,NWMLS as Distributed by MLS Grid,2420656,N,Y,47.7579485,-122.3524559
PAST SALE,September-29-2025,Single Family Residential,8445 30th Ave SW,Seattle,WA,98126,805000,4,2.0,West Seattle,2930,7560,1943,,275,,Sold,,,https://www.redfin.com/WA/Seattle/8445-30th-Ave-SW-98126/home/473635,NWMLS as Distributed by MLS Grid,2423260,N,Y,47.5269562,-122.3716097
PAST SALE,June-24-2025,Townhouse,22721 42nd Pl S,Kent,WA,98032,449950,2,2.5,Kent,1293,,2003,,348,630,Sold,,,https://www.redfin.com/WA/Kent/22721-42nd-Pl-S-98032/home/33263,NWMLS as Distributed by MLS Grid,2365743,N,Y,47.3987289,-122.2801102
PAST SALE,October-24-2025,Single Family Residential,12423 744th Ave,Skykomish,WA,98288,950000,3,2.0,Skykomish,1040,15433,1953,,913,,Sold,,,https://www.redfin.com/WA/Skykomish/12423-744th-Ave-98288/home/499026,NWMLS as Distributed by MLS Grid,2438507,N,Y,47.71559,-121.337996
PAST SALE,August-14-2025,Single Family Residential,12512 SE 70th St,Newcastle,WA,98056,950000,4,4.0,Newcastle,2550,7577,1967,,373,,Sold,,,https://www.redfin.com/WA/Newcastle/12512-SE-70th-St-98056/home/413872,NWMLS as Distributed by MLS Grid,2390549,N,Y,47.5401402,-122.1732409
PAST SALE,,Single Family Residential,15320 SE 252nd Pl,Covington,WA,98042,900000,5,3.5,,4080,47099,2006,,221,,,,,https://www.redfin.com/WA/Covington/15320-SE-252nd-Pl-98042/home/8185284,,,N,Y,47.3758837,-122.1366857
PAST SALE,July-14-2025,Single Family Residential,1256 NE 188th St,Shoreline,WA,98155,685000,3,1.0,North City,1110,9140,1954,,617,,Sold,,,https://www.redfin.com/WA/Shoreline/1256-NE-188th-St-98155/home/84520,NWMLS as Distributed by MLS Grid,2380742,N,Y,47.7650629,-122.3141677
PAST SALE,August-18-2025,Single Family Residential,4712 90th Ave SE,Mercer Island,WA,98040,2110000,4,2.5,Mercer Island,2250,9525,1966,,938,,Sold,,,https://www.redfin.com/WA/Mercer-Island/4712-90th-Ave-SE-98040/home/256067,NWMLS as Distributed by MLS Grid,2404118,N,Y,47.5614796,-122.2185816
PAST SALE,June-24-2025,Single Family Residential,11316 34th Ave SW,Seattle,WA,98146,683000,3,1.0,Arbor Heights,950,6430,1954,,719,,Sold,,,https://www.redfin.com/WA/Seattle/11316-34th-Ave-SW-98146/home/157956,NWMLS as Distributed by MLS Grid,2366200,N,Y,47.5019648,-122.3753125
PAST SALE,August-8-2025,Single Family Residential,1634 Palm Ave SW,Seattle,WA,98116,2100000,3,3.5,North Admiral,3500,6000,2009,,600,,Sold,,,https://www.redfin.com/WA/Seattle/1634-Palm-Ave-SW-98116/home/150726,NWMLS as Distributed by MLS Grid,2395241,N,Y,47.5883383,-122.384235
PAST SALE,July-24-2025,Single Family Residential,11401 SE 326th Pl,Auburn,WA,98092,950000,5,3.0,Lea Hill,3260,27600,1964,,291,,Sold,,,https://www.redfin.com/WA/Auburn/11401-SE-326th-Pl-98092/home/406149,NWMLS as Distributed by MLS Grid,2390934,N,Y,47.3095749,-122.1893742
PAST SALE,August-28-2025,Condo/Co-op,12505 NE 116th St Unit A26,Kirkland,WA,98034,330000,1,1.0,North Rose Hill,707,,1980,,467,383,Sold,,,https://www.redfin.com/WA/Kirkland/12505-NE-116th-St-98034/unit-A26/home/43792,NWMLS as Distributed by MLS Grid,2409094,N,Y,47.7035535,-122.1738674
PAST SALE,May-28-2025,Single Family Residential,7311 Silent Creek Ave SE,Snoqualmie,WA,98065,1020000,3,2.5,Snoqualmie Ridge,2240,6396,2002,,455,29,Sold,,,https://www.redfin.com/WA/Snoqualmie/7311-Silent-Creek-Ave-SE-98065/home/466104,NWMLS as Distributed by MLS Grid,2362272,N,Y,47.5356129,-121.8810848
PAST SALE,June-16-2025,Condo/Co-op,750 Belmont Ave E #3,Seattle,WA,98102,495000,1,1.0,Capitol Hill,736,,1929,,673,580,Sold,,,https://www.redfin.com/WA/Seattle/750-Belmont-Ave-E-98102/unit-3/home/57479,NWMLS as Distributed by MLS Grid,2367096,N,Y,47.6265572,-122.3250727
PAST SALE,June-2-2025,Condo/Co-op,11008 NE 68th St #721,Kirkland,WA,98033,277500,1,1.0,Everest Park,616,,1968,,450,362,Sold,,,https://www.redfin.com/WA/Kirkland/11008-NE-68th-St-98033/unit-721/home/61212,NWMLS as Distributed by MLS Grid,2358978,N,Y,47.6672306,-122.1932134
PAST SALE,May-27-2025,Condo/Co-op,19124 Ballinger Way NE #124,Seattle,WA,98155,499900,2,1.5,Turtle Rock,1160,,1980,,431,526,Sold,,,https://www.redfin.com/WA/Seattle/19124-Ballinger-Way-NE-98155/unit-124/home/69566,NWMLS as Distributed by MLS Grid,2355087,N,Y,47.768002,-122.299006
PAST SALE,September-3-2025,Single Family Residential,16548 115th Ave SE,Renton,WA,98055,650000,3,2.0,Renton,1540,8800,1962,,422,,Sold,,,https://www.redfin.com/WA/Renton/16548-115th-Ave-SE-98055/home/230913,NWMLS as Distributed by MLS Grid,2404941,N,Y,47.4538798,-122.1868597
PAST SALE,August-14-2025,Single Family Residential,2736 37th Ave SW,Seattle,WA,98126,1450000,4,3.0,North Admiral,3160,5000,1926,,459,,Sold,,,https://www.redfin.com/WA/Seattle/2736-37th-Ave-SW-98126/home/327862,NWMLS as Distributed by MLS Grid,2398418,N,Y,47.5781596,-122.3778041
PAST SALE,July-10-2025,Townhouse,2020 S Main St Unit B,Seattle,WA,98144,650000,2,2.0,Seattle,1100,796,2017,,591,,Sold,,,https://www.redfin.com/WA/Seattle/2020-S-Main-St-98144/unit-B/home/143457556,NWMLS as Distributed by MLS Grid,2376057,N,Y,47.6001169,-122.305306
PAST SALE,May-30-2025,Single Family Residential,2630 SW 340 Pl,Federal Way,WA,98023,585000,3,2.5,Twin Lakes,1470,7956,1984,,398,,Sold,,,https://www.redfin.com/WA/Federal-Way/2630-SW-340th-Pl-98023/home/353593,NWMLS as Distributed by MLS Grid,2331255,N,Y,47.2971532,-122.3673972
PAST SALE,June-18-2025,Townhouse,1722 California Ave SW Unit B,Seattle,WA,98116,585000,2,2.5,North Admiral,980,653,2009,,597,,Sold,,,https://www.redfin.com/WA/Seattle/1722-California-Ave-SW-98116/unit-B/home/21880919,NWMLS as Distributed by MLS Grid,2368631,N,Y,47.5872429,-122.386044
PAST SALE,September-10-2025,Condo/Co-op,1125 E Olive St #206,Seattle,WA,98122,342000,1,1.0,Capitol Hill,557,,2001,,614,434,Sold,,,https://www.redfin.com/WA/Seattle/1125-E-Olive-St-98122/unit-206/home/12091959,NWMLS as Distributed by MLS Grid,2417096,N,Y,47.6161594,-122.3172369
PAST SALE,July-16-2025,Single Family Residential,1213 SW 308th St,Federal Way,WA,98023,435000,3,1.0,Lakota,1040,12750,1969,,418,,Sold,,,https://www.redfin.com/WA/Federal-Way/1213-SW-308th-St-98023/home/351601,NWMLS as Distributed by MLS Grid,2363301,N,Y,47.3257929,-122.3510488
PAST SALE,June-25-2025,Townhouse,921 W McGraw St #34,Seattle,WA,98119,1500000,3,3.5,Queen Anne,2002,,2019,,749,709,Sold,,,https://www.redfin.com/WA/Seattle/921-W-McGraw-St-98119/unit-34/home/169507123,NWMLS as Distributed by MLS Grid,2363873,N,Y,47.6395474,-122.3697147
PAST SALE,June-20-2025,Single Family Residential,8814 Corliss Ave N,Seattle,WA,98103,960000,4,3.0,Licton Springs,1990,5000,1992,,482,,Sold,,,https://www.redfin.com/WA/Seattle/8814-Corliss-Ave-N-98103/home/104536,NWMLS as Distributed by MLS Grid,2349149,N,Y,47.6928877,-122.3305315
PAST SALE,June-23-2025,Single Family Residential,17346 90th Dr NE Unit A,Bothell,WA,98011,1045000,4,3.5,West Hill,2350,1416,2023,,445,140,Sold,,,https://www.redfin.com/WA/Bothell/17346-90th-Dr-NE-98011/unit-A/home/185885684,NWMLS as Distributed by MLS Grid,2363761,N,Y,47.753874,-122.2208053
PAST SALE,August-14-2025,Single Family Residential,5933 31st Ave SW,Seattle,WA,98126,985000,3,2.5,High Point,2190,4380,2007,,450,100,Sold,,,https://www.redfin.com/WA/Seattle/5933-31st-Ave-SW-98126/home/12302931,NWMLS as Distributed by MLS Grid,2397010,N,Y,47.5490382,-122.3724823
PAST SALE,September-9-2025,Single Family Residential,16611 Maplewild Ave SW,Seattle,WA,98166,1225000,4,2.5,Three Tree Point,2310,7093,1980,,530,,Sold,,,https://www.redfin.com/WA/Seattle/16611-Maplewild-Ave-SW-98166/home/336143,NWMLS as Distributed by MLS Grid,2408725,N,Y,47.454734,-122.3739646
PAST SALE,August-1-2025,Single Family Residential,2521 Smithers Ave S,Renton,WA,98055,715000,3,2.0,Benson Hill,1430,7941,1969,,500,17,Sold,,,https://www.redfin.com/WA/Renton/2521-Smithers-Ave-S-98055/home/384053,NWMLS as Distributed by MLS Grid,2396251,N,Y,47.4569297,-122.2088963
PAST SALE,August-1-2025,Single Family Residential,12260 5th Ave S,Seattle,WA,98168,542000,2,1.0,Cedarhurst,1580,8175,1942,,343,,Sold,,,https://www.redfin.com/WA/Seattle/12260-5th-Ave-S-98168/home/189648,NWMLS as Distributed by MLS Grid,2391476,N,Y,47.4924246,-122.3262153
PAST SALE,November-6-2025,Single Family Residential,10439 SE 194th Pl,Renton,WA,98055,700000,5,3.0,Benson Hill,2260,12668,1967,,310,,Sold,,,https://www.redfin.com/WA/Renton/10439-SE-194th-Pl-98055/home/386856,NWMLS as Distributed by MLS Grid,2433157,N,Y,47.4277041,-122.2011649
PAST SALE,September-22-2025,Condo/Co-op,123 Queen Anne Ave N #404,Seattle,WA,98109,370000,1,1.0,Queen Anne,603,,2000,,614,474,Sold,,,https://www.redfin.com/WA/Seattle/123-Queen-Anne-Ave-N-98109/unit-404/home/28446969,NWMLS as Distributed by MLS Grid,2412291,N,Y,47.6193175,-122.3570761
PAST SALE,July-2-2025,Townhouse,1089 7th Ave NE,Issaquah,WA,98029,1199000,4,4.5,Issaquah Highlands,2161,1,2021,,555,489,Sold,,,https://www.redfin.com/WA/Issaquah/1089-7th-Ave-NE-98027/home/195666627,NWMLS as Distributed by MLS Grid,2374041,N,Y,47.5412878,-122.0226954
PAST SALE,May-21-2025,Townhouse,37717 SE Fury St,Snoqualmie,WA,98065,849900,3,3.0,Snoqualmie,1760,1593,2013,,483,40,Sold,,,https://www.redfin.com/WA/Snoqualmie/37717-SE-Fury-St-98065/home/22808438,NWMLS as Distributed by MLS Grid,2348462,N,Y,47.5335418,-121.8387041
PAST SALE,May-22-2025,Condo/Co-op,12719 NE 116th St Unit E102,Kirkland,WA,98034,425000,2,1.0,North Rose Hill,880,,1981,,483,441,Sold,,,https://www.redfin.com/WA/Kirkland/12719-NE-116th-St-98034/unit-E102/home/191557325,NWMLS as Distributed by MLS Grid,2351652,N,Y,47.7038983,-122.1710397
PAST SALE,July-2-2025,Townhouse,1089 7th Ave NE,Issaquah,WA,98029,1199000,4,4.5,Issaquah Highlands,2161,,2021,,555,489,Sold,,,https://www.redfin.com/WA/Issaquah/1089-7th-Ave-NE-98029/home/187468035,NWMLS as Distributed by MLS Grid,2370501,N,Y,47.541568,-122.022962
PAST SALE,October-16-2025,Condo/Co-op,3202 SW Avalon Way #102,Seattle,WA,98126,419000,2,2.0,Fairmount,824,,1998,,508,642,Sold,,,https://www.redfin.com/WA/Seattle/3202-SW-Avalon-Way-98126/unit-102/home/2091041,NWMLS as Distributed by MLS Grid,2423509,N,Y,47.5646097,-122.373059
PAST SALE,September-4-2025,Single Family Residential,2209 Jones Ave NE,Renton,WA,98056,825000,3,2.0,Kennydale,2060,8000,1962,,400,,Sold,,,https://www.redfin.com/WA/Renton/2209-Jones-Ave-NE-98056/home/412828,NWMLS as Distributed by MLS Grid,2404032,N,Y,47.5115187,-122.1967103
PAST SALE,July-30-2025,Single Family Residential,7511 230th Ave NE,Redmond,WA,98053,1475000,3,3.0,Redmond,2520,29040,1969,,585,,Sold,,,https://www.redfin.com/WA/Redmond/7511-230th-Ave-NE-98053/home/444203,NWMLS as Distributed by MLS Grid,2387927,N,Y,47.6717407,-122.0337114
PAST SALE,September-4-2025,Single Family Residential,12575 SE 52nd St,Bellevue,WA,98006,1270000,4,3.0,Newport Hills,2665,8314,1961,,477,,Sold,,,https://www.redfin.com/WA/Bellevue/12575-SE-52nd-St-98006/home/414141,NWMLS as Distributed by MLS Grid,2397573,N,Y,47.5547031,-122.1706333
PAST SALE,October-6-2025,Single Family Residential,28208 183rd Ave SE,Kent,WA,98042,1154000,4,3.0,Kent,3800,39633,2007,,304,18,Sold,,,https://www.redfin.com/WA/Kent/28208-183rd-Ave-SE-98042/home/12301833,NWMLS as Distributed by MLS Grid,2414566,N,Y,47.3488398,-122.0982577
PAST SALE,June-23-2025,Single Family Residential,5990 167th Ave SE,Bellevue,WA,98006,2280000,4,3.5,Lakemont,4190,14051,1993,,544,,Sold,,,https://www.redfin.com/WA/Bellevue/5990-167th-Ave-SE-98006/home/418233,NWMLS as Distributed by MLS Grid,2364416,N,Y,47.548865,-122.1171019
PAST SALE,July-2-2025,Single Family Residential,12224 SE 39th St,Bellevue,WA,98006,1260000,3,3.0,Greenwich Crest,1870,10200,1997,,674,,Sold,,,https://www.redfin.com/WA/Bellevue/12224-SE-39th-St-98006/home/233849,NWMLS as Distributed by MLS Grid,2371511,N,Y,47.5759783,-122.175875
PAST SALE,October-7-2025,Single Family Residential,471 Rosario Pl NE,Renton,WA,98059,1395000,5,3.0,East Renton,3070,7200,2005,,454,42,Sold,,,https://www.redfin.com/WA/Renton/471-Rosario-Pl-NE-98059/home/2087950,NWMLS as Distributed by MLS Grid,2416854,N,Y,47.4899614,-122.137543
PAST SALE,September-19-2025,Single Family Residential,479 Harrington Ave NE,Renton,WA,98056,599990,3,1.0,Renton,1150,11000,1958,,522,,Sold,,,https://www.redfin.com/WA/Renton/479-Harrington-Ave-NE-98056/home/243363,NWMLS as Distributed by MLS Grid,2410683,N,Y,47.4900788,-122.1814563
PAST SALE,June-12-2025,Single Family Residential,13780 NE 77th Pl,Redmond,WA,98052,1640000,4,3.0,Grass Lawn Park,2320,8106,1962,,707,,Sold,,,https://www.redfin.com/WA/Redmond/13780-NE-77th-Pl-98052/home/516146,NWMLS as Distributed by MLS Grid,2362062,N,Y,47.673698,-122.1558596
PAST SALE,August-15-2025,Single Family Residential,2726 34th Ave S,Seattle,WA,98144,900000,4,2.0,Mt Baker,1980,3000,1924,,455,,Sold,,,https://www.redfin.com/WA/Seattle/2726-34th-Ave-S-98144/home/488559,NWMLS as Distributed by MLS Grid,2400420,N,Y,47.5788354,-122.2895255
PAST SALE,August-27-2025,Condo/Co-op,10549 Stone Ave N #101,Seattle,WA,98133,395000,2,2.0,Northgate,902,,2005,,438,449,Sold,,,https://www.redfin.com/WA/Seattle/10549-Stone-Ave-N-98133/unit-101/home/2086280,NWMLS as Distributed by MLS Grid,2401267,N,Y,47.7064968,-122.3422813
PAST SALE,July-3-2025,Single Family Residential,2837 SW 340th Pl,Federal Way,WA,98023,700000,4,2.5,Twin Lakes,2610,7210,1981,,268,,Sold,,,https://www.redfin.com/WA/Federal-Way/2837-SW-340th-Pl-98023/home/356364,NWMLS as Distributed by MLS Grid,2368128,N,Y,47.2967149,-122.3698098
PAST SALE,August-8-2025,Condo/Co-op,13145 102nd Ln NE #6,Kirkland,WA,98034,607000,3,2.0,Juanita,1149,,1985,,528,498,Sold,,,https://www.redfin.com/WA/Kirkland/13145-102nd-Ln-NE-98034/unit-6/home/2116482,NWMLS as Distributed by MLS Grid,2396183,N,Y,47.7179019,-122.2048554
PAST SALE,October-31-2025,Single Family Residential,29103 46th Pl S,Auburn,WA,98001,599000,3,2.5,Auburn,1750,8819,1976,,342,,Sold,,,https://www.redfin.com/WA/Auburn/29103-46th-Pl-S-98001/home/212648,NWMLS as Distributed by MLS Grid,2431011,N,Y,47.3407099,-122.2758666
PAST SALE,July-31-2025,Condo/Co-op,4725 15th Ave NE #37,Seattle,WA,98105,225000,0,1.0,University District,507,,1923,,444,424,Sold,,,https://www.redfin.com/WA/Seattle/4725-15th-Ave-NE-98105/unit-37/home/105717984,NWMLS as Distributed by MLS Grid,2387079,N,Y,47.6638715,-122.3122067
PAST SALE,May-27-2025,Single Family Residential,24002 181st Pl SE,Kent,WA,98042,667000,3,2.5,Kent,1700,4484,2021,,392,72,Sold,,,https://www.redfin.com/WA/Kent/24002-181st-Pl-SE-98042/home/173683280,NWMLS as Distributed by MLS Grid,2353110,N,Y,47.3861911,-122.0995418
PAST SALE,September-3-2025,Single Family Residential,30215 6th Ave SW,Federal Way,WA,98023,500000,3,1.0,Buenna,1120,9548,1966,,446,,Sold,,,https://www.redfin.com/WA/Federal-Way/30215-6th-Ave-SW-98023/home/351907,NWMLS as Distributed by MLS Grid,2393613,N,Y,47.3306432,-122.3431749
PAST SALE,July-21-2025,Single Family Residential,1712 1718 N 107th St,Seattle,WA,98133,750000,3,1.0,Northgate,890,20360,1954,,843,,Sold,,,https://www.redfin.com/WA/Seattle/1718-N-107th-St-98133/home/105545,NWMLS as Distributed by MLS Grid,2356870,N,Y,47.7070515,-122.3366567
PAST SALE,October-29-2025,Condo/Co-op,701 1st Ave N #403,Seattle,WA,98109,458000,1,1.0,Queen Anne,738,,2000,,621,577,Sold,,,https://www.redfin.com/WA/Seattle/701-1st-Ave-N-98109/unit-403/home/103958961,NWMLS as Distributed by MLS Grid,2423005,N,Y,47.6256356,-122.3555522
PAST SALE,July-28-2025,Single Family Residential,2736 SW Holden St,Seattle,WA,98126,975000,3,2.5,West Seattle,2038,3738,2018,,478,,Sold,,,https://www.redfin.com/WA/Seattle/2736-SW-Holden-St-98126/home/170481246,NWMLS as Distributed by MLS Grid,2382340,N,Y,47.5350446,-122.3678653
PAST SALE,August-29-2025,Single Family Residential,813 SW 363rd Pl,Federal Way,WA,98023,750000,4,2.5,Federal Way,2980,5866,2003,,252,34,Sold,,,https://www.redfin.com/WA/Federal-Way/813-SW-363rd-Pl-98023/home/360586,NWMLS as Distributed by MLS Grid,2387848,N,Y,47.2769855,-122.3466177
PAST SALE,September-19-2025,Single Family Residential,409 5th Ave W,Kirkland,WA,98033,7050000,3,2.0,West Of Market,1980,26611,1938,,3561,17,Sold,,,https://www.redfin.com/WA/Kirkland/409-5th-Ave-W-98033/home/282499,NWMLS as Distributed by MLS Grid,2410387,N,Y,47.6833018,-122.2155497
PAST SALE,August-29-2025,Townhouse,11323 101st Pl NE,Kirkland,WA,98033,810000,2,2.5,Juanita,1365,,1986,,593,475,Sold,,,https://www.redfin.com/WA/Kirkland/11323-101st-Pl-NE-98033/home/39517370,NWMLS as Distributed by MLS Grid,2394867,N,Y,47.7027209,-122.2058667
PAST SALE,May-23-2025,Single Family Residential,4333 SW Trenton St,Seattle,WA,98136,1590000,4,3.5,Fauntleroy,3239,4000,2013,,491,,Sold,,,https://www.redfin.com/WA/Seattle/4333-SW-Trenton-St-98136/home/157622,NWMLS as Distributed by MLS Grid,2355271,N,Y,47.5246259,-122.3889577
PAST SALE,September-25-2025,Single Family Residential,6517 High Point Dr SW,Seattle,WA,98126,750000,3,2.5,High Point,1580,2545,2012,,475,207,Sold,,,https://www.redfin.com/WA/Seattle/6517-High-Point-Dr-SW-98126/home/18661571,NWMLS as Distributed by MLS Grid,2410041,N,Y,47.5439478,-122.3685489
PAST SALE,July-1-2025,Condo/Co-op,3226 Fuhrman Ave E #201,Seattle,WA,98102,625000,1,1.0,Portage Bay,1022,,1928,,612,612,Sold,,,https://www.redfin.com/WA/Seattle/3226-Fuhrman-Ave-E-98102/unit-201/home/136,NWMLS as Distributed by MLS Grid,2371713,N,Y,47.6508427,-122.3203509
PAST SALE,July-3-2025,Single Family Residential,8254 Densmore Ave N,Seattle,WA,98103,915000,4,2.0,Green Lake,1720,5000,1939,,532,,Sold,,,https://www.redfin.com/WA/Seattle/8254-Densmore-Ave-N-98103/home/306344,NWMLS as Distributed by MLS Grid,2374405,N,Y,47.6903528,-122.3375225
