SALE TYPE,SOLD DATE,PROPERTY TYPE,ADDRESS,CITY,STATE OR PROVINCE,ZIP OR POSTAL CODE,PRICE,BEDS,BATHS,LOCATION,SQUARE FEET,LOT SIZE,YEAR BUILT,DAYS ON MARKET,$/SQUARE FEET,HOA/MONTH,STATUS,NEXT OPEN HOUSE START TIME,NEXT OPEN HOUSE END TIME,URL (SEE https://www.redfin.com/buy-a-home/comparative-market-analysis FOR INFO ON PRICING),SOURCE,MLS#,FAVORITE,INTERESTED,LATITUDE,LONGITUDE
"In accordance with local MLS rules, some MLS listings are not included in the download"
PAST SALE,June-30-2025,Single Family Residential,7505 225th Avenue Ct E,Buckley,WA,98321,745000,5,2.5,Buckley,3156,12141,2006,,236,38,Sold,,,https://www.redfin.com/WA/Buckley/7505-225th-Avenue-Ct-E-98321/home/3037392,NWMLS as Distributed by MLS Grid,2402887,N,Y,47.1894202,-122.1286569
PAST SALE,June-2-2025,Single Family Residential,9711 Golden Given Rd E,Tacoma,WA,98445,580000,1,1.0,Tacoma,1809,25660,1965,,321,,Sold,,,https://www.redfin.com/WA/Tacoma/9711-Golden-Given-Rd-E-98445/home/2968714,NWMLS as Distributed by MLS Grid,2386593,N,Y,47.1682833,-122.4151271
PAST SALE,July-18-2025,Single Family Residential,25 Forest Glen Ln SW,Lakewood,WA,98498,1550000,4,4.5,Lakewood,4917,47625,1951,,315,,Sold,,,https://www.redfin.com/WA/Lakewood/25-Forest-Glen-Ln-SW-98498/home/2977672,NWMLS as Distributed by MLS Grid,2409730,N,Y,47.140087,-122.5280744
PAST SALE,June-27-2025,Single Family Residential,10815 Evergreen Ter SW,Lakewood,WA,98498,1550000,3,2.5,Lake Steilacoom,3200,24000,1954,,484,63,Sold,,,https://www.redfin.com/WA/Lakewood/10815-Evergreen-Ter-SW-98498/home/2849113,NWMLS as Distributed by MLS Grid,2400567,N,Y,47.1596,-122.5384009
PAST SALE,July-18-2025,Multi-Family (2-4 Unit),9608 16th Ave S,Tacoma,WA,98444,622000,,,Parkland,2244,13746,2003,,277,,Sold,,,https://www.redfin.com/WA/Tacoma/9608-16th-Avenue-Ct-S-98444/home/3007401,NWMLS as Distributed by MLS Grid,2392124,N,Y,47.1698377,-122.4568959
PAST SALE,July-7-2025,Single Family Residential,4325 25th St SE,Puyallup,WA,98374,735000,4,2.5,South Hill,2698,7000,2012,,272,68,Sold,,,https://www.redfin.com/WA/Puyallup/4325-25th-St-SE-98374/home/22792490,NWMLS as Distributed by MLS Grid,2387303,N,Y,47.150944,-122.2616064
PAST SALE,June-20-2025,Single Family Residential,8202 185th Street Ct E,Puyallup,WA,98375,525000,3,2.5,South Hill,1802,7259,2001,,291,31,Sold,,,https://www.redfin.com/WA/Puyallup/8202-185th-Street-Ct-E-98375/home/2994164,NWMLS as Distributed by MLS Grid,2378105,N,Y,47.0877867,-122.3199983
PAST SALE,October-15-2025,Single Family Residential,1407 S 41st St,Tacoma,WA,98418,415000,2,1.0,South Tacoma,1004,6050,1941,,413,,Sold,,,https://www.redfin.com/WA/Tacoma/1407-S-41st-St-98418/home/2939924,NWMLS as Distributed by MLS Grid,2429312,N,Y,47.2201912,-122.452865
PAST SALE,June-27-2025,Single Family Residential,6315 41st St E,Fife,WA,98424,643000,4,2.5,Fife,2668,3791,2005,,241,46,Sold,,,https://www.redfin.com/WA/Fife/6315-41st-St-E-98424/home/3041639,NWMLS as Distributed by MLS Grid,2367535,N,Y,47.2193095,-122.3449124
PAST SALE,May-30-2025,Single Family Residential,5901 Indian Trl NE,Tacoma,WA,98422,1250000,5,3.5,Ne Tacoma,3713,21278,1985,,337,232,Sold,,,https://www.redfin.com/WA/Tacoma/5901-Indian-Trail-NE-98422/home/2935747,NWMLS as Distributed by MLS Grid,2359777,N,Y,47.3096091,-122.4121148
PAST SALE,July-2-2025,Single Family Residential,19414 112th Ave E,Graham,WA,98338,525000,4,2.0,Graham,1994,21780,1992,,263,29,Sold,,,https://www.redfin.com/WA/Graham/19414-112th-Ave-E-98338/home/2649433,NWMLS as Distributed by MLS Grid,2375342,N,Y,47.0792933,-122.2816823
PAST SALE,May-30-2025,Single Family Residential,619 11th St SW,Puyallup,WA,98371,400000,4,2.0,Puyallup,1551,6000,1949,,258,,Sold,,,https://www.redfin.com/WA/Puyallup/619-11th-St-SW-98371/home/2913082,NWMLS as Distributed by MLS Grid,2362978,N,Y,47.1865523,-122.3081928
PAST SALE,October-6-2025,Single Family Residential,6330 Augusta Pl,Tacoma,WA,98406,605500,2,2.0,Westgate,1276,5896,1972,,475,,Sold,,,https://www.redfin.com/WA/Tacoma/6330-Augusta-Pl-98406/home/2834331,NWMLS as Distributed by MLS Grid,2427351,N,Y,47.2648047,-122.522992
PAST SALE,June-18-2025,Single Family Residential,3331 Sunset Dr W,University Place,WA,98466,550000,4,1.0,University Place,1373,6000,1960,,401,,Sold,,,https://www.redfin.com/WA/University-Place/3331-Sunset-Dr-W-98466/home/2920243,NWMLS as Distributed by MLS Grid,2375269,N,Y,47.2285323,-122.5448958
PAST SALE,May-15-2025,Single Family Residential,1006 Laurel Ct,Fircrest,WA,98466,845000,4,2.5,Fircrest,2520,12166,1964,,335,,Sold,,,https://www.redfin.com/WA/Fircrest/1006-Laurel-Ct-98466/home/2900900,NWMLS as Distributed by MLS Grid,2360225,N,Y,47.2263264,-122.5175865
PAST SALE,June-30-2025,Townhouse,17529 110th Ave E,Puyallup,WA,98374,452500,2,2.5,Puyallup,1880,1320,2021,,241,277,Sold,,,https://www.redfin.com/WA/Puyallup/17529-110th-Ave-E-98374/home/195948932,NWMLS as Distributed by MLS Grid,2381023,N,Y,47.0983313,-122.2810903
PAST SALE,May-22-2025,Single Family Residential,4510 152nd Avenue Ct E,Sumner,WA,98390,645000,3,2.0,Sumner,1742,6877,2004,,370,10,Sold,,,https://www.redfin.com/WA/Sumner/4510-152nd-Avenue-Ct-E-98390/home/3030273,NWMLS as Distributed by MLS Grid,2365227,N,Y,47.2160872,-122.2260936
PAST SALE,June-23-2025,Single Family Residential,6016 51st Street Ct W,University Place,WA,98467,773500,3,2.0,University Place,1851,9000,1979,,418,,Sold,,,https://www.redfin.com/WA/University-Place/6016-51st-Street-Ct-W-98467/home/2960058,NWMLS as Distributed by MLS Grid,2380978,N,Y,47.210234,-122.5180458
PAST SALE,July-11-2025,Single Family Residential,17109 111th St E,Bonney Lake,WA,98391,670000,4,2.5,Bonney Lake,2302,10041,2011,,291,33,Sold,,,https://www.redfin.com/WA/Bonney-Lake/17109-111th-St-E-98391/home/21976342,NWMLS as Distributed by MLS Grid,2387569,N,Y,47.1558601,-122.2017631
PAST SALE,June-23-2025,Single Family Residential,6310 Tacoma Ave S,Tacoma,WA,98408,565000,4,2.0,South Tacoma,2015,9000,1951,,280,,Sold,,,https://www.redfin.com/WA/Tacoma/6310-Tacoma-Ave-S-98408/home/2744583,NWMLS as Distributed by MLS Grid,2380713,N,Y,47.2000848,-122.439512
PAST SALE,May-15-2025,Single Family Residential,3202 Sheaser Way,Dupont,WA,98327,710000,5,2.5,Dupont,3063,6017,2008,,232,43,Sold,,,https://www.redfin.com/WA/DuPont/3202-Sheaser-Way-98327/home/18602993,NWMLS as Distributed by MLS Grid,2354742,N,Y,47.0924373,-122.6786492
PAST SALE,May-22-2025,Single Family Residential,101 Eagle Glen Ct,Eatonville,WA,98328,425000,3,2.0,Eatonville,1308,9000,1994,,325,,Sold,,,https://www.redfin.com/WA/Eatonville/101-Eagle-Glen-Ct-98328/home/2786150,NWMLS as Distributed by MLS Grid,2363078,N,Y,46.8650156,-122.259073
PAST SALE,August-12-2025,Single Family Residential,220 Michell Ln NE,Orting,WA,98360,540000,4,2.5,Orting,2490,7440,2005,,217,39,Sold,,,https://www.redfin.com/WA/Orting/220-Michell-Ln-NE-98360/home/3037546,NWMLS as Distributed by MLS Grid,2393513,N,Y,47.1154123,-122.2228322
PAST SALE,May-22-2025,Single Family Residential,16216 121st Ave E,Puyallup,WA,98374,500000,3,2.0,Puyallup,1283,10500,1992,,390,,Sold,,,https://www.redfin.com/WA/Puyallup/16216-121st-Ave-E-98374/home/2972451,NWMLS as Distributed by MLS Grid,2365283,N,Y,47.108855,-122.2679433
PAST SALE,May-23-2025,Single Family Residential,5418 S Island Dr E,Bonney Lake,WA,98391,515000,3,1.0,Bonney Lake,1008,9660,1979,,511,25,Sold,,,https://www.redfin.com/WA/Bonney-Lake/5418-S-Island-Dr-E-98391/home/2847929,NWMLS as Distributed by MLS Grid,2357511,N,Y,47.200645,-122.1562445
PAST SALE,July-24-2025,Single Family Residential,16001 Lucas Ln SW,Port Orchard,WA,98367,635000,3,2.0,Port Orchard,1380,114998,1997,,460,,Sold,,,https://www.redfin.com/WA/Port-Orchard/16001-Lucas-Ln-SW-98367/home/2178192,NWMLS as Distributed by MLS Grid,2391767,N,Y,47.4047464,-122.7065111
PAST SALE,July-24-2025,Single Family Residential,6671 Park St E,Fife,WA,98424,555000,3,2.5,Radiance,1935,2655,2010,,287,52,Sold,,,https://www.redfin.com/WA/Fife/6671-Park-St-E-98424/home/3039549,NWMLS as Distributed by MLS Grid,2397549,N,Y,47.2219226,-122.3416716
PAST SALE,July-24-2025,Single Family Residential,1006 18th St NW,Puyallup,WA,98371,630000,3,2.0,Downtown,1699,11975,2005,,371,,Sold,,,https://www.redfin.com/WA/Puyallup/1006-18th-St-NW-98371/home/3036102,NWMLS as Distributed by MLS Grid,2397130,N,Y,47.2000742,-122.3193526
PAST SALE,May-16-2025,Single Family Residential,18404 97th Avenue Ct E,Puyallup,WA,98375,525000,3,2.5,Silver Creek,2164,3987,2014,,243,71,Sold,,,https://www.redfin.com/WA/Puyallup/18404-97th-Avenue-Ct-E-98375/home/22791633,NWMLS as Distributed by MLS Grid,2359649,N,Y,47.0887315,-122.2998187
PAST SALE,September-26-2025,Single Family Residential,8429 Washington Blvd SW,Lakewood,WA,98498,497000,3,1.0,Lakewood,920,9000,1951,,540,,Sold,,,https://www.redfin.com/WA/Lakewood/8429-Washington-Blvd-SW-98498/home/2879432,NWMLS as Distributed by MLS Grid,2425863,N,Y,47.1487869,-122.5502084
PAST SALE,July-2-2025,Single Family Residential,23813 109th Street Ct E,Buckley,WA,98321,700000,4,2.5,Buckley,2101,18011,1997,,333,59,Sold,,,https://www.redfin.com/WA/Buckley/23813-109th-Street-Ct-E-98321/home/2953007,NWMLS as Distributed by MLS Grid,2383077,N,Y,47.157791,-122.1104913
PAST SALE,May-21-2025,Single Family Residential,5322 23rd Ave NE,Tacoma,WA,98422,850000,3,2.5,Ne Tacoma,2240,9253,1994,,379,35,Sold,,,https://www.redfin.com/WA/Tacoma/5322-23rd-Ave-NE-98422/home/2859712,NWMLS as Distributed by MLS Grid,2357910,N,Y,47.3054661,-122.4169028
PAST SALE,July-30-2025,Single Family Residential,8229 S G St,Tacoma,WA,98408,455000,3,2.0,Tacoma,1354,12416,1900,,336,,Sold,,,https://www.redfin.com/WA/Tacoma/8229-S-G-St-98408/home/2751825,NWMLS as Distributed by MLS Grid,2391658,N,Y,47.1817631,-122.4404621
PAST SALE,June-4-2025,Single Family Residential,1877 Parkview Dr NE,Tacoma,WA,98422,1250000,5,4.5,Ne Tacoma,3985,10706,1994,,314,35,Sold,,,https://www.redfin.com/WA/Tacoma/1877-Parkview-Dr-NE-98422/home/2857050,NWMLS as Distributed by MLS Grid,2366929,N,Y,47.3092258,-122.4187119
PAST SALE,June-17-2025,Single Family Residential,1810 Pointe Woodworth Dr NE,Tacoma,WA,98422,930000,4,2.5,Ne Tacoma,3219,12461,2002,,289,96,Sold,,,https://www.redfin.com/WA/Tacoma/1810-Pointe-Woodworth-Dr-NE-98422/home/2995289,NWMLS as Distributed by MLS Grid,2370485,N,Y,47.2741343,-122.3752546
PAST SALE,July-31-2025,Single Family Residential,17811 69th Ave E,Puyallup,WA,98375,524000,4,2.5,Puyallup,1954,8221,2002,,268,60,Sold,,,https://www.redfin.com/WA/Puyallup/17811-69th-Ave-E-98375/home/3000280,NWMLS as Distributed by MLS Grid,2386709,N,Y,47.0944292,-122.3374761
PAST SALE,May-23-2025,Single Family Residential,7908 192nd Ave E,Bonney Lake,WA,98391,508000,3,1.0,Bonney Lake,1080,11500,1980,,470,,Sold,,,https://www.redfin.com/WA/Bonney-Lake/7908-192nd-Ave-E-98391/home/2737567,NWMLS as Distributed by MLS Grid,2363897,N,Y,47.1846617,-122.1722982
PAST SALE,October-21-2025,Single Family Residential,21011 6th Street Ct E,Lake Tapps,WA,98391,1149000,3,3.5,Lake Tapps,4431,50719,2005,,259,29,Sold,,,https://www.redfin.com/WA/Lake-Tapps/21011-6th-Street-Ct-E-98391/home/3035431,NWMLS as Distributed by MLS Grid,2426221,N,Y,47.2519193,-122.1481915
PAST SALE,October-20-2025,Single Family Residential,2405 B St,Steilacoom,WA,98388,406500,3,2.0,Steilacoom,1106,8599,1970,,368,,Sold,,,https://www.redfin.com/WA/Steilacoom/2405-B-St-98388/home/197733478,NWMLS as Distributed by MLS Grid,2429526,N,Y,47.166983,-122.5902747
PAST SALE,August-14-2025,Single Family Residential,5105 85th Ave W,University Place,WA,98467,829500,4,3.0,University Place,2165,9600,2002,,383,,Sold,,,https://www.redfin.com/WA/University-Place/5105-85th-Ave-W-98467/home/2470622,NWMLS as Distributed by MLS Grid,2391639,N,Y,47.210555,-122.550228
PAST SALE,July-2-2025,Single Family Residential,19027 18th Avenue Ct E,Spanaway,WA,98387,515000,4,2.5,Spanaway,1845,3420,2010,,279,28,Sold,,,https://www.redfin.com/WA/Spanaway/19027-18th-Avenue-Ct-E-98387/home/23098638,NWMLS as Distributed by MLS Grid,2373001,N,Y,47.0831745,-122.404841
PAST SALE,May-21-2025,Single Family Residential,4015 Pinehurst Dr NE,Tacoma,WA,98422,725000,4,2.5,Ne Tacoma,2087,11888,1998,,347,38,Sold,,,https://www.redfin.com/WA/Tacoma/4015-Pinehurst-Dr-NE-98422/home/2864693,NWMLS as Distributed by MLS Grid,2367755,N,Y,47.2876569,-122.3926614
PAST SALE,May-23-2025,Single Family Residential,10218 47th Ave SW,Lakewood,WA,98499,436000,3,2.0,Lakeview,1348,7350,1950,,323,,Sold,,,https://www.redfin.com/WA/Lakewood/10218-47th-Ave-SW-98499/home/2905470,NWMLS as Distributed by MLS Grid,2361966,N,Y,47.1643241,-122.4998037
PAST SALE,July-23-2025,Single Family Residential,21323 47th Ave E,Spanaway,WA,98387,560000,4,2.5,Spanaway,2294,13178,2000,,244,63,Sold,,,https://www.redfin.com/WA/Spanaway/21323-47th-Ave-E-98387/home/2875041,NWMLS as Distributed by MLS Grid,2390858,N,Y,47.0621871,-122.3674336
PAST SALE,June-20-2025,Single Family Residential,5916 Pacific Ave,Tacoma,WA,98408,500000,5,3.0,South Tacoma,2066,5750,1942,,242,,Sold,,,https://www.redfin.com/WA/Tacoma/5916-Pacific-Ave-98408/home/2915937,NWMLS as Distributed by MLS Grid,2376163,N,Y,47.2030903,-122.4343321
PAST SALE,September-26-2025,Single Family Residential,502 182nd St E,Spanaway,WA,98387,500000,4,2.5,Spanaway,1978,6698,2010,,253,70,Sold,,,https://www.redfin.com/WA/Spanaway/502-182nd-St-E-98387/home/22769141,NWMLS as Distributed by MLS Grid,2424730,N,Y,47.0911642,-122.4250841
PAST SALE,July-16-2025,Single Family Residential,4406 N 34th St,Tacoma,WA,98407,560000,2,2.0,North Tacoma,1140,6000,1953,,491,,Sold,,,https://www.redfin.com/WA/Tacoma/4406-N-34th-St-98407/home/2822193,NWMLS as Distributed by MLS Grid,2390057,N,Y,47.2784392,-122.496547
PAST SALE,May-23-2025,Single Family Residential,1413 Rainier St,Sumner,WA,98390,600500,4,2.0,Sumner,1758,9000,1980,,342,,Sold,,,https://www.redfin.com/WA/Sumner/1413-Rainier-St-98390/home/2956540,NWMLS as Distributed by MLS Grid,2354988,N,Y,47.1971066,-122.2366203
PAST SALE,August-22-2025,Condo/Co-op,207 Broadway #500,Tacoma,WA,98402,1249000,2,2.5,Tacoma,3242,,2006,,385,1380,Sold,,,https://www.redfin.com/WA/Tacoma/207-Broadway-98402/unit-500/home/11887074,NWMLS as Distributed by MLS Grid,2392850,N,Y,47.262424,-122.444083
PAST SALE,July-14-2025,Single Family Residential,1951 Lighthouse Ln NE,Tacoma,WA,98422,750000,3,2.5,Ne Tacoma,2362,13679,2000,,318,92,Sold,,,https://www.redfin.com/WA/Tacoma/1951-Lighthouse-Ln-NE-98422/home/2877850,NWMLS as Distributed by MLS Grid,2395095,N,Y,47.2747051,-122.3752047
PAST SALE,September-12-2025,Single Family Residential,2320 Cascade Pl W,Tacoma,WA,98466,485000,3,2.0,University Place,1291,11480,1972,,376,,Sold,,,https://www.redfin.com/WA/Tacoma/2320-Cascade-Pl-W-98466/home/2976812,NWMLS as Distributed by MLS Grid,2419011,N,Y,47.2380001,-122.5327366
PAST SALE,August-29-2025,Mobile/Manufactured Home,11611 121st Avenue Ct E,Puyallup,WA,98374,460000,3,2.0,Puyallup,1782,15682,1985,,258,,Sold,,,https://www.redfin.com/WA/Puyallup/11611-121st-Avenue-Ct-E-98374/home/2664889,NWMLS as Distributed by MLS Grid,2411045,N,Y,47.150418,-122.2667551
PAST SALE,August-13-2025,Single Family Residential,930 S Sheridan Ave,Tacoma,WA,98405,520000,3,2.0,Central Tacoma,1902,4225,1906,,273,,Sold,,,https://www.redfin.com/WA/Tacoma/930-S-Sheridan-Ave-98405/home/2707317,NWMLS as Distributed by MLS Grid,2393747,N,Y,47.252441,-122.4566049
PAST SALE,July-22-2025,Single Family Residential,1871 Hillside Dr NE,Tacoma,WA,98422,1075000,4,3.0,Ne Tacoma,2680,8640,1983,,401,,Sold,,,https://www.redfin.com/WA/Tacoma/1871-Hillside-Dr-NE-98422/home/2779753,NWMLS as Distributed by MLS Grid,2398446,N,Y,47.3099678,-122.4183312
PAST SALE,June-13-2025,Single Family Residential,5534 Charlotte Ave SE,Auburn,WA,98092,700000,4,2.5,Auburn,2630,4800,2013,,266,38,Sold,,,https://www.redfin.com/WA/Auburn/5534-Charlotte-Ave-SE-98092/home/35625095,NWMLS as Distributed by MLS Grid,2369972,N,Y,47.2589769,-122.1954706
PAST SALE,August-28-2025,Single Family Residential,18920 Eagle Ridge Dr E,Bonney Lake,WA,98391,671000,3,2.5,Tehaleh,2148,4858,2021,,312,88,Sold,,,https://www.redfin.com/WA/Bonney-Lake/18920-Eagle-Ridge-Dr-E-98391/home/175800251,NWMLS as Distributed by MLS Grid,2413740,N,Y,47.1404718,-122.1777919
PAST SALE,August-5-2025,Single Family Residential,3906 N Gove St,Tacoma,WA,98407,437000,2,1.0,North Tacoma,724,5400,1913,,604,,Sold,,,https://www.redfin.com/WA/Tacoma/3906-N-Gove-St-98407/home/2840226,NWMLS as Distributed by MLS Grid,2407947,N,Y,47.2849347,-122.5001572
PAST SALE,May-19-2025,Condo/Co-op,1103 63rd St SE Unit B,Auburn,WA,98092,383500,2,2.0,Lakeland,1148,,2005,,334,485,Sold,,,https://www.redfin.com/WA/Auburn/1103-63rd-St-SE-98092/unit-B/home/109661267,NWMLS as Distributed by MLS Grid,2346103,N,Y,47.250725,-122.2165143
PAST SALE,July-29-2025,Single Family Residential,8803 136th St E,Puyallup,WA,98373,505000,3,2.0,Puyallup,1352,5369,2001,,374,33,Sold,,,https://www.redfin.com/WA/Puyallup/8803-136th-St-E-98373/home/2999993,NWMLS as Distributed by MLS Grid,2395175,N,Y,47.1336147,-122.3128026
PAST SALE,August-1-2025,Single Family Residential,514 Ramsdell St,Fircrest,WA,98466,880000,4,2.0,Regents Park,2832,27125,1942,,311,,Sold,,,https://www.redfin.com/WA/Fircrest/514-Ramsdell-St-98466/home/2957956,NWMLS as Distributed by MLS Grid,2392763,N,Y,47.2322337,-122.5112591
PAST SALE,August-29-2025,Single Family Residential,4111 55th Street Ct NW,Gig Harbor,WA,98335,885000,3,2.0,Gig Harbor,2030,12100,2024,,436,,Sold,,,https://www.redfin.com/WA/Gig-Harbor/4111-55th-Street-Ct-NW-98335/home/22757188,NWMLS as Distributed by MLS Grid,2409674,N,Y,47.3084678,-122.5944189
PAST SALE,June-30-2025,Condo/Co-op,1505 N Defiance St Unit Q105,Tacoma,WA,98406,250000,1,1.0,North Tacoma,605,,1977,,413,280,Sold,,,https://www.redfin.com/WA/Tacoma/1505-N-Defiance-St-98406/unit-Q105/home/2836578,NWMLS as Distributed by MLS Grid,2375718,N,Y,47.2646173,-122.517118
PAST SALE,,Single Family Residential,9702 19th Ave E,Tacoma,WA,98445,320000,4,3.0,,1860,16250,1918,,172,,,,,https://www.redfin.com/WA/Tacoma/9702-19th-Ave-E-98445/home/2968658,,,N,Y,47.168749,-122.404362
PAST SALE,June-6-2025,Single Family Residential,602 190th Street Ct E,Spanaway,WA,98387,450000,3,2.0,Spanaway,1398,9095,1978,,322,,Sold,,,https://www.redfin.com/WA/Spanaway/602-190th-Street-Ct-E-98387/home/2991377,NWMLS as Distributed by MLS Grid,2360380,N,Y,47.0835246,-122.4236325
PAST SALE,May-30-2025,Single Family Residential,2518 S Melrose St,Tacoma,WA,98405,547000,3,2.0,Central Tacoma,1538,6000,2011,,356,,Sold,,,https://www.redfin.com/WA/Tacoma/2518-S-Melrose-St-98405/home/39989479,NWMLS as Distributed by MLS Grid,2363842,N,Y,47.2471914,-122.4698407
PAST SALE,,Single Family Residential,17011 21st Ave E,Spanaway,WA,98387,290000,3,1.0,,1056,7500,1979,,275,,,,,https://www.redfin.com/WA/Spanaway/17011-21st-Ave-E-98387/home/2784159,,,N,Y,47.1020318,-122.4017523
PAST SALE,September-12-2025,Single Family Residential,8211 Custer Rd SW,Lakewood,WA,98499,430600,4,2.0,Lakeview,1260,6090,1950,,342,,Sold,,,https://www.redfin.com/WA/Lakewood/8211-Custer-Rd-SW-98499/home/2803087,NWMLS as Distributed by MLS Grid,2414749,N,Y,47.1824794,-122.5243783
PAST SALE,June-23-2025,Single Family Residential,34220 Thomas Rd E,Eatonville,WA,98328,850000,3,2.0,Lake Tanwax,2492,65000,1967,,341,,Sold,,,https://www.redfin.com/WA/Eatonville/34220-Thomas-Rd-E-98328/home/2983572,NWMLS as Distributed by MLS Grid,2373591,N,Y,46.9461323,-122.2662471
PAST SALE,June-17-2025,Condo/Co-op,4907 Main St #107,Tacoma,WA,98407,1164500,2,2.0,North Tacoma,1469,,2021,,793,664,Sold,,,https://www.redfin.com/WA/Tacoma/4907-Main-St-98407/unit-107/home/169973131,NWMLS as Distributed by MLS Grid,2379516,N,Y,47.296641,-122.500312
PAST SALE,November-3-2025,Condo/Co-op,9211 105th Avenue Ct SW,Tacoma,WA,98498,385000,2,2.0,Steilacoom,978,,1986,,394,188,Sold,,,https://www.redfin.com/WA/Tacoma/9211-105th-Avenue-Ct-SW-98498/home/12405566,NWMLS as Distributed by MLS Grid,2430823,N,Y,47.1734874,-122.5778079
PAST SALE,August-15-2025,Single Family Residential,19824 134th Avenue Ct E,Graham,WA,98338,550000,3,2.5,Graham,1940,4250,2023,,284,56,Sold,,,https://www.redfin.com/WA/Graham/19824-134th-Avenue-Ct-E-98338/home/184767873,NWMLS as Distributed by MLS Grid,2397757,N,Y,47.0760574,-122.2511514
PAST SALE,July-30-2025,Single Family Residential,4936 N Frace Ave,Tacoma,WA,98407,940000,5,2.5,North Tacoma,2960,6000,1910,,318,,Sold,,,https://www.redfin.com/WA/Tacoma/4936-N-Frace-Ave-98407/home/2782579,NWMLS as Distributed by MLS Grid,2397289,N,Y,47.295823,-122.5239749
PAST SALE,September-12-2025,Single Family Residential,4214 N 22nd St,Tacoma,WA,98406,741000,5,3.0,North Tacoma,1816,6565,1950,,408,,Sold,,,https://www.redfin.com/WA/Tacoma/4214-N-22nd-St-98406/home/2991863,NWMLS as Distributed by MLS Grid,2414748,N,Y,47.2680642,-122.4939957
PAST SALE,September-15-2025,Single Family Residential,2221 E 38th St,Tacoma,WA,98404,481000,3,2.0,East Tacoma,1120,5200,2000,,429,,Sold,,,https://www.redfin.com/WA/Tacoma/2221-E-38th-St-98404/home/2996307,NWMLS as Distributed by MLS Grid,2418640,N,Y,47.2233266,-122.3975539
PAST SALE,August-29-2025,Single Family Residential,29312 78th Ave S,Roy,WA,98580,560000,4,3.5,Roy,2211,20899,1997,,253,24,Sold,,,https://www.redfin.com/WA/Roy/29312-78th-Ave-S-98580/home/2811737,NWMLS as Distributed by MLS Grid,2409998,N,Y,46.98842,-122.5360804
PAST SALE,August-14-2025,Single Family Residential,7023 88th St SW,Lakewood,WA,98499,325000,2,1.0,Lakewood,648,6000,1944,,502,,Sold,,,https://www.redfin.com/WA/Lakewood/7023-88th-St-SW-98499/home/2778387,NWMLS as Distributed by MLS Grid,2407366,N,Y,47.1779902,-122.5316797
PAST SALE,July-29-2025,Single Family Residential,3536 Crystal Springs Rd W,University Place,WA,98466,680640,4,3.0,University Place,2634,11326,1958,,258,,Sold,,,https://www.redfin.com/WA/University-Place/3536-Crystal-Springs-Rd-W-98466/home/2469711,NWMLS as Distributed by MLS Grid,2389173,N,Y,47.2266389,-122.548091
PAST SALE,May-27-2025,Single Family Residential,313 Anderson St NW,Orting,WA,98360,610000,3,2.5,Orting,2204,8138,2001,,277,33,Sold,,,https://www.redfin.com/WA/Orting/313-Anderson-St-NW-98360/home/2999354,NWMLS as Distributed by MLS Grid,2365396,N,Y,47.1118152,-122.2280968
PAST SALE,July-7-2025,Single Family Residential,5528 78th Avenue Ct W,University Place,WA,98467,925750,4,2.5,University Place,3460,8936,1987,,268,,Sold,,,https://www.redfin.com/WA/University-Place/5528-78th-Avenue-Ct-W-98467/home/2985975,NWMLS as Distributed by MLS Grid,2380963,N,Y,47.2063328,-122.5422891
PAST SALE,May-16-2025,Single Family Residential,10749 188th St E,Puyallup,WA,98374,593500,4,2.5,Puyallup,2090,3600,2023,,284,49,Sold,,,https://www.redfin.com/WA/Puyallup/10749-188th-St-E-98374/home/181752046,NWMLS as Distributed by MLS Grid,2361097,N,Y,47.0837469,-122.2824663
PAST SALE,June-27-2025,Single Family Residential,1911 Crystal Springs Rd W,Tacoma,WA,98466,650000,3,2.5,University Place,1662,9900,1987,,391,,Sold,,,https://www.redfin.com/WA/Tacoma/1911-Crystal-Springs-Rd-W-98466/home/2776768,NWMLS as Distributed by MLS Grid,2364394,N,Y,47.2422432,-122.5473833
PAST SALE,August-28-2025,Single Family Residential,2713 Rigney Rd,Steilacoom,WA,98388,430000,2,2.0,Steilacoom,1274,20160,1988,,338,,Sold,,,https://www.redfin.com/WA/Steilacoom/2713-Rigney-Rd-98388/home/2477617,NWMLS as Distributed by MLS Grid,2360865,N,Y,47.174107,-122.583886
PAST SALE,June-3-2025,Single Family Residential,19006 23rd Avenue Ct E,Tacoma,WA,98445,464950,3,2.5,Tacoma,1586,3718,2013,,293,45,Sold,,,https://www.redfin.com/WA/Tacoma/19006-23rd-Avenue-Ct-E-98445/home/22756229,NWMLS as Distributed by MLS Grid,2361490,N,Y,47.0840151,-122.3975843
PAST SALE,August-13-2025,Townhouse,138 Spruce St,Tacoma,WA,98466,504000,2,2.5,Fircrest,1595,1608,2006,,316,135,Sold,,,https://www.redfin.com/WA/Tacoma/138-Spruce-St-98466/home/3039281,NWMLS as Distributed by MLS Grid,2401562,N,Y,47.217963,-122.5065928
PAST SALE,August-15-2025,Single Family Residential,19812 138th Ave E,Graham,WA,98338,500000,3,2.0,Graham,1165,6343,2024,,429,55,Sold,,,https://www.redfin.com/WA/Graham/19812-138th-Ave-E-98338/home/194021438,NWMLS as Distributed by MLS Grid,2405612,N,Y,47.0764885,-122.2471798
PAST SALE,September-17-2025,Single Family Residential,1751 S 92nd St,Tacoma,WA,98444,563000,3,2.0,South Tacoma,1680,33500,1973,,335,,Sold,,,https://www.redfin.com/WA/Tacoma/1751-S-92nd-St-98444/home/2615737,NWMLS as Distributed by MLS Grid,2412346,N,Y,47.1741118,-122.4594142
PAST SALE,July-10-2025,Single Family Residential,4111 19th Ave NW,Gig Harbor,WA,98335,902000,3,2.0,Gig Harbor,2084,16921,2003,,433,140,Sold,,,https://www.redfin.com/WA/Gig-Harbor/4111-19th-Ave-NW-98335/home/2998471,NWMLS as Distributed by MLS Grid,2375631,N,Y,47.2952296,-122.5651623
PAST SALE,August-20-2025,Single Family Residential,1749 S Anderson St,Tacoma,WA,98405,399000,2,1.0,Central Tacoma,840,4800,1942,,475,,Sold,,,https://www.redfin.com/WA/Tacoma/1749-S-Anderson-St-98405/home/2748902,NWMLS as Distributed by MLS Grid,2406597,N,Y,47.242973,-122.4726894
PAST SALE,June-11-2025,Single Family Residential,18915 Eastwood Ave E,Puyallup,WA,98375,535000,3,3.0,Puyallup,1742,4500,2002,,307,70,Sold,,,https://www.redfin.com/WA/Puyallup/18915-Eastwood-Ave-E-98375/home/3003580,NWMLS as Distributed by MLS Grid,2370631,N,Y,47.0832073,-122.3030975
PAST SALE,September-15-2025,Vacant Land,3305 Horsehead Bay Dr NW,Gig Harbor,WA,98335,275000,,,Gig Harbor,,25553,,,,,Sold,,,https://www.redfin.com/WA/Gig-Harbor/3305-Horsehead-Bay-Dr-NW-98335/home/22769311,NWMLS as Distributed by MLS Grid,2417967,N,Y,47.2874999,-122.6802346
PAST SALE,May-20-2025,Single Family Residential,10722 185th St E,Puyallup,WA,98374,485000,3,2.5,Lipoma Firs,1278,3075,2020,,379,49,Sold,,,https://www.redfin.com/WA/Puyallup/10722-185th-St-E-98374/home/171785744,NWMLS as Distributed by MLS Grid,2343841,N,Y,47.0882475,-122.2839204
PAST SALE,October-17-2025,Townhouse,17421 118th Avenue Ct E Unit E,Puyallup,WA,98374,420000,3,3.0,Sunrise,1838,3501,2020,,229,255,Sold,,,https://www.redfin.com/WA/Puyallup/17421-118th-Avenue-Ct-E-98374/home/171554149,NWMLS as Distributed by MLS Grid,2425783,N,Y,47.097208,-122.2708537
PAST SALE,June-24-2025,Single Family Residential,3120 N 29th St,Tacoma,WA,98407,725000,3,1.0,North Tacoma,1946,6000,1912,,373,,Sold,,,https://www.redfin.com/WA/Tacoma/3120-N-29th-St-98407/home/2979629,NWMLS as Distributed by MLS Grid,2368286,N,Y,47.2735582,-122.4773143
PAST SALE,June-24-2025,Single Family Residential,4909 95th Ave W,University Place,WA,98467,643500,4,3.0,Beckonridge,1954,7096,1973,,329,85,Sold,,,https://www.redfin.com/WA/University-Place/4909-95th-Ave-W-98467/home/2729914,NWMLS as Distributed by MLS Grid,2373609,N,Y,47.2119398,-122.5623503
PAST SALE,July-11-2025,Single Family Residential,4210 N Vassault St,Tacoma,WA,98407,760000,3,3.0,Tacoma,3136,9100,1963,,242,,Sold,,,https://www.redfin.com/WA/Tacoma/4210-N-Vassault-St-98407/home/2818028,NWMLS as Distributed by MLS Grid,2380886,N,Y,47.2876094,-122.5214702
PAST SALE,June-23-2025,Single Family Residential,1521 55th Ct SE,Auburn,WA,98092,685000,4,3.0,Lakeland,2593,7701,1995,,264,30,Sold,,,https://www.redfin.com/WA/Auburn/1521-55th-Ct-SE-98092/home/215325,NWMLS as Distributed by MLS Grid,2379128,N,Y,47.2591395,-122.2104379
PAST SALE,August-28-2025,Single Family Residential,11112 234th St E,Graham,WA,98338,875000,3,3.0,Graham,2777,77537,1976,,315,,Sold,,,https://www.redfin.com/WA/Graham/11112-234th-St-E-98338/home/2655259,NWMLS as Distributed by MLS Grid,2405570,N,Y,47.0434912,-122.2828617
PAST SALE,September-26-2025,Single Family Residential,4511 S J St,Tacoma,WA,98418,430000,3,1.0,South Tacoma,1416,5330,1916,,304,,Sold,,,https://www.redfin.com/WA/Tacoma/4511-S-J-St-98418/home/2979116,NWMLS as Distributed by MLS Grid,2421703,N,Y,47.2162978,-122.4460775
PAST SALE,August-25-2025,Single Family Residential,6821 9th St E,Fife,WA,98424,750000,6,3.0,Fife,2734,6821,2014,,274,40,Sold,,,https://www.redfin.com/WA/Fife/6821-9th-St-E-98424/home/52353760,NWMLS as Distributed by MLS Grid,2404948,N,Y,47.2488736,-122.3376934
PAST SALE,September-12-2025,Single Family Residential,225 169th St S,Spanaway,WA,98387,460000,2,2.0,Spanaway,1317,8120,1970,,349,,Sold,,,https://www.redfin.com/WA/Spanaway/225-169th-St-S-98387/home/2886415,NWMLS as Distributed by MLS Grid,2413202,N,Y,47.1037244,-122.4363595
PAST SALE,June-24-2025,Single Family Residential,514 S 40th St,Tacoma,WA,98418,520000,3,1.0,South Tacoma,2180,4260,1922,,239,,Sold,,,https://www.redfin.com/WA/Tacoma/514-S-40th-St-98418/home/2728489,NWMLS as Distributed by MLS Grid,2371765,N,Y,47.2206292,-122.4384551
PAST SALE,August-22-2025,Single Family Residential,3944 N 30th St,Tacoma,WA,98407,620000,3,1.5,North Tacoma,2028,4400,1926,,306,,Sold,,,https://www.redfin.com/WA/Tacoma/3944-N-30th-St-98407/home/2822604,NWMLS as Distributed by MLS Grid,2409512,N,Y,47.2746381,-122.4912581
PAST SALE,June-27-2025,Single Family Residential,23309 53rd Avenue Ct E,Spanaway,WA,98387,505000,3,2.0,Spanaway,1408,18393,1992,,359,,Sold,,,https://www.redfin.com/WA/Spanaway/23309-53rd-Avenue-Ct-E-98387/home/2860137,NWMLS as Distributed by MLS Grid,2378231,N,Y,47.0441952,-122.3580956
PAST SALE,October-20-2025,Single Family Residential,7104 91st Avenue Ct SW,Lakewood,WA,98498,501250,3,2.0,Lakewood,1381,9000,1986,,363,,Sold,,,https://www.redfin.com/WA/Lakewood/7104-91st-Avenue-Ct-SW-98498/home/2984038,NWMLS as Distributed by MLS Grid,2428370,N,Y,47.1926987,-122.5592296
PAST SALE,October-27-2025,Single Family Residential,9104 Highland Ave SW,Lakewood,WA,98498,550000,3,3.0,Lakewood,2780,9022,1935,,198,,Sold,,,https://www.redfin.com/WA/Lakewood/9104-Highland-Ave-SW-98498/home/197640719,NWMLS as Distributed by MLS Grid,2431320,N,Y,47.143051173,-122.5581784
PAST SALE,October-20-2025,Single Family Residential,716 S Puget Sound Ave,Tacoma,WA,98405,637000,4,2.0,Central Tacoma,2712,6000,1940,,235,,Sold,,,https://www.redfin.com/WA/Tacoma/716-S-Puget-Sound-Ave-98405/home/2771688,NWMLS as Distributed by MLS Grid,2426917,N,Y,47.2537597,-122.482443
PAST SALE,September-29-2025,Condo/Co-op,4808 97th Ave W Unit 8D,University Place,WA,98467,304000,2,1.5,University Place,1186,,1978,,256,400,Sold,,,https://www.redfin.com/WA/University-Place/4808-97th-Ave-W-98467/unit-8D/home/2823242,NWMLS as Distributed by MLS Grid,2419076,N,Y,47.2131865,-122.5667964
PAST SALE,October-2-2025,Single Family Residential,5001 38th Street Ct NE,Tacoma,WA,98422,615000,3,2.5,Browns Point,1638,5500,1992,,375,,Sold,,,https://www.redfin.com/WA/Tacoma/5001-38th-Street-Ct-NE-98422/home/2858258,NWMLS as Distributed by MLS Grid,2417524,N,Y,47.2915141,-122.3801909
PAST SALE,October-20-2025,Single Family Residential,3301 N Villard St,Tacoma,WA,98407,750000,4,3.0,Westgate,2350,8376,1969,,319,,Sold,,,https://www.redfin.com/WA/Tacoma/3301-N-Villard-St-98407/home/2918249,NWMLS as Distributed by MLS Grid,2431688,N,Y,47.2780133,-122.5062204
PAST SALE,July-30-2025,Townhouse,2419 S Meridian Unit C17,Puyallup,WA,98373,400000,3,3.0,Puyallup,1628,1,2002,,246,395,Sold,,,https://www.redfin.com/WA/Puyallup/2419-S-Meridian-98373/unit-C17/home/3005898,NWMLS as Distributed by MLS Grid,2389254,N,Y,47.1679738,-122.2918095
PAST SALE,May-15-2025,Single Family Residential,1554 Maas Ct,Buckley,WA,98321,725000,4,3.0,Buckley,2990,6068,2024,,242,46,Sold,,,https://www.redfin.com/WA/Buckley/1554-Maas-Ct-98321/home/178471785,NWMLS as Distributed by MLS Grid,2358325,N,Y,47.1613316,-122.0141465
PAST SALE,July-28-2025,Single Family Residential,7652 19th St W,Tacoma,WA,98466,510000,3,3.0,University Place,2040,1,1973,,250,350,Sold,,,https://www.redfin.com/WA/Tacoma/7652-19th-St-W-98466/home/2790780,NWMLS as Distributed by MLS Grid,2392767,N,Y,47.24249,-122.54016
PAST SALE,May-29-2025,Single Family Residential,34905 10th Avenue Ct E,Roy,WA,98580,675000,4,2.5,Roy,2721,67957,2006,,248,,Sold,,,https://www.redfin.com/WA/Roy/34905-10th-Avenue-Ct-E-98580/home/11885696,NWMLS as Distributed by MLS Grid,2358819,N,Y,46.9399122,-122.4165056
PAST SALE,July-28-2025,Single Family Residential,14217 76th Ave E,Puyallup,WA,98373,765000,4,2.5,Puyallup Valley,3630,12775,1985,,211,,Sold,,,https://www.redfin.com/WA/Puyallup/14217-76th-Ave-E-98373/home/2799587,NWMLS as Distributed by MLS Grid,2391057,N,Y,47.12701,-122.3283091
PAST SALE,May-23-2025,Single Family Residential,5109 N 29th St,Tacoma,WA,98407,445000,2,1.0,North Tacoma,714,8316,1951,,623,,Sold,,,https://www.redfin.com/WA/Tacoma/5109-N-29th-St-98407/home/2990586,NWMLS as Distributed by MLS Grid,2357849,N,Y,47.2742082,-122.5060581
PAST SALE,September-29-2025,Single Family Residential,921 81st Street Ct E,Tacoma,WA,98404,580000,4,2.5,Tacoma,2638,8875,2014,,220,45,Sold,,,https://www.redfin.com/WA/Tacoma/921-81st-Street-Ct-E-98404/home/65715624,NWMLS as Distributed by MLS Grid,2420086,N,Y,47.183376,-122.417754
PAST SALE,July-22-2025,Single Family Residential,28329 84th Ave E,Graham,WA,98338,649000,3,1.0,Graham,1380,272250,1991,,470,,Sold,,,https://www.redfin.com/WA/Graham/28329-84th-Ave-E-98338/home/2659913,NWMLS as Distributed by MLS Grid,2384957,N,Y,46.999173,-122.318117
PAST SALE,September-12-2025,Single Family Residential,5308 N Shirley St,Ruston,WA,98407,350000,1,1.0,Ruston,1154,4500,1915,,303,,Sold,,,https://www.redfin.com/WA/Ruston/5308-N-Shirley-St-98407/home/2843340,NWMLS as Distributed by MLS Grid,2409913,N,Y,47.3010112,-122.5118479
PAST SALE,May-20-2025,Condo/Co-op,15408 9th Ave E,Tacoma,WA,98445,360000,2,1.5,Tacoma,1055,,1996,,341,430,Sold,,,https://www.redfin.com/WA/Tacoma/15408-9th-Ave-E-98445/home/2982286,NWMLS as Distributed by MLS Grid,2341354,N,Y,47.116844,-122.419502
PAST SALE,July-31-2025,Single Family Residential,19409 90th Avenue Ct E,Graham,WA,98338,565000,5,3.5,Silver Creek,2509,4500,2011,,225,29,Sold,,,https://www.redfin.com/WA/Graham/19409-90th-Avenue-Ct-E-98338/home/39892551,NWMLS as Distributed by MLS Grid,2389223,N,Y,47.0802087,-122.3089639
PAST SALE,August-11-2025,Single Family Residential,8326 Tucka Way Dr SW,Lakewood,WA,98499,415000,3,1.0,Lakewood,1205,9375,1954,,344,,Sold,,,https://www.redfin.com/WA/Lakewood/8326-Tucka-Way-Dr-SW-98499/home/2902426,NWMLS as Distributed by MLS Grid,2396737,N,Y,47.1809079,-122.5171986
PAST SALE,May-29-2025,Single Family Residential,9664 Bridgeport Way SW,Lakewood,WA,98499,430000,5,3.0,Clover Park,2044,7800,1945,,210,,Sold,,,https://www.redfin.com/WA/Lakewood/9664-Bridgeport-Way-SW-98499/home/2940847,NWMLS as Distributed by MLS Grid,2361932,N,Y,47.167952,-122.512823
PAST SALE,July-3-2025,Single Family Residential,2810 13th St SE,Puyallup,WA,98374,549550,3,2.0,Puyallup,1390,10010,1985,,395,,Sold,,,https://www.redfin.com/WA/Puyallup/2810-13th-St-SE-98374/home/2946164,NWMLS as Distributed by MLS Grid,2375374,N,Y,47.1649228,-122.2783502
PAST SALE,August-1-2025,Single Family Residential,8438 Tacoma Ave S,Tacoma,WA,98444,590000,4,2.5,South Tacoma,1845,6400,2020,,320,,Sold,,,https://www.redfin.com/WA/Tacoma/8438-Tacoma-Ave-S-98444/home/167429270,NWMLS as Distributed by MLS Grid,2393691,N,Y,47.1796183,-122.4397358
PAST SALE,September-30-2025,Single Family Residential,602 Factory St SE,Orting,WA,98360,500000,3,2.0,Orting,1165,8680,1978,,429,,Sold,,,https://www.redfin.com/WA/Orting/602-Factory-St-SE-98360/home/2692652,NWMLS as Distributed by MLS Grid,2417437,N,Y,47.0977784,-122.1964499
PAST SALE,July-25-2025,Single Family Residential,9831 198th St E,Graham,WA,98338,520000,4,2.5,Graham,2110,5225,2013,,246,42,Sold,,,https://www.redfin.com/WA/Graham/9831-198th-St-E-98338/home/12479024,NWMLS as Distributed by MLS Grid,2381066,N,Y,47.0767546,-122.2978283
PAST SALE,September-30-2025,Single Family Residential,9905 198th Avenue Ct E,Bonney Lake,WA,98391,515000,3,2.5,Bonney Lake,1680,4000,2005,,307,34,Sold,,,https://www.redfin.com/WA/Bonney-Lake/9905-198th-Avenue-Ct-E-98391/home/3036341,NWMLS as Distributed by MLS Grid,2422684,N,Y,47.1672172,-122.1664462
PAST SALE,October-27-2025,Single Family Residential,18923 Eastwood Ave E,Puyallup,WA,98375,550000,4,3.0,Puyallup,1911,4500,2003,,288,58,Sold,,,https://www.redfin.com/WA/Puyallup/18923-Eastwood-Ave-E-98375/home/3003582,NWMLS as Distributed by MLS Grid,2421455,N,Y,47.0829806,-122.3031881
PAST SALE,October-15-2025,Single Family Residential,3410 61st Ave NW,Gig Harbor,WA,98335,360000,3,1.5,Gig Harbor,1504,21001,1970,,239,,Sold,,,https://www.redfin.com/WA/Gig-Harbor/3410-61st-Ave-NW-98335/home/2729381,NWMLS as Distributed by MLS Grid,2413946,N,Y,47.289365,-122.6200198
PAST SALE,July-28-2025,Townhouse,21525 104th Street Ct E,Bonney Lake,WA,98391,449950,2,2.5,Bonney Lake,1530,2682,2015,,294,187,Sold,,,https://www.redfin.com/WA/Bonney-Lake/21525-104th-Street-Ct-E-98391/home/23105277,NWMLS as Distributed by MLS Grid,2381592,N,Y,47.161287,-122.141224
PAST SALE,August-27-2025,Single Family Residential,8715 168th Street Ct E,Puyallup,WA,98375,670000,4,2.5,Gem Heights,2142,14981,1995,,313,35,Sold,,,https://www.redfin.com/WA/Puyallup/8715-168th-Street-Ct-E-98375/home/2928053,NWMLS as Distributed by MLS Grid,2402534,N,Y,47.1032401,-122.3130491
PAST SALE,October-24-2025,Single Family Residential,6726 Rebecca Ct SE,Auburn,WA,98092,815000,4,2.5,Lakeland,3184,8015,2013,,256,25,Sold,,,https://www.redfin.com/WA/Auburn/6726-Rebecca-Ct-SE-98092/home/22763397,NWMLS as Distributed by MLS Grid,2424816,N,Y,47.2475615,-122.2067158
PAST SALE,August-26-2025,Single Family Residential,3115 43rd Ave NE,Tacoma,WA,98422,475000,3,2.0,Ne Tacoma,1512,13619,1963,,314,,Sold,,,https://www.redfin.com/WA/Tacoma/3115-43rd-Ave-NE-98422/home/2633635,NWMLS as Distributed by MLS Grid,2382242,N,Y,47.285317,-122.3906404
PAST SALE,August-27-2025,Single Family Residential,18761 131st Street Ct E,Bonney Lake,WA,98391,790000,4,2.5,Bonney Lake,2837,4050,2021,,278,88,Sold,,,https://www.redfin.com/WA/Bonney-Lake/18761-131st-Street-Ct-E-98391/home/173318927,NWMLS as Distributed by MLS Grid,2400461,N,Y,47.1384531,-122.180059
PAST SALE,July-31-2025,Single Family Residential,1114 E 57th St,Tacoma,WA,98404,547000,5,3.0,East Tacoma,1959,6000,2002,,279,,Sold,,,https://www.redfin.com/WA/Tacoma/1114-E-57th-St-98404/home/3000829,NWMLS as Distributed by MLS Grid,2386427,N,Y,47.2051695,-122.4145258
PAST SALE,July-17-2025,Single Family Residential,9402 187th St E,Puyallup,WA,98375,510000,3,2.5,Puyallup,1830,6037,2004,,279,63,Sold,,,https://www.redfin.com/WA/Puyallup/9402-187th-St-E-98375/home/3026441,NWMLS as Distributed by MLS Grid,2375370,N,Y,47.0858565,-122.3066547
PAST SALE,August-22-2025,Single Family Residential,6817 S D St,Tacoma,WA,98408,520000,4,2.0,South Tacoma,1640,10875,1938,,317,,Sold,,,https://www.redfin.com/WA/Tacoma/6817-S-D-St-98408/home/2942861,NWMLS as Distributed by MLS Grid,2398453,N,Y,47.1947071,-122.4363414
PAST SALE,June-30-2025,Townhouse,17425 118th Avenue Ct E Unit C,Puyallup,WA,98374,400000,2,2.5,Puyallup,1572,1056,2021,,254,255,Sold,,,https://www.redfin.com/WA/Puyallup/17425-118th-Avenue-Ct-E-98374/unit-C/home/172237711,NWMLS as Distributed by MLS Grid,2369833,N,Y,47.0975838,-122.2704337
PAST SALE,October-21-2025,Single Family Residential,1449 Bobs Hollow Ln,Dupont,WA,98327,565000,3,2.5,Dupont,1816,5325,1998,,311,43,Sold,,,https://www.redfin.com/WA/DuPont/1449-Bobs-Hollow-Ln-98327/home/2760926,NWMLS as Distributed by MLS Grid,2425311,N,Y,47.1006426,-122.6428728
PAST SALE,October-10-2025,Single Family Residential,3002 Locust Ave W,University Place,WA,98466,600000,4,3.0,University Place,1913,6150,1935,,314,,Sold,,,https://www.redfin.com/WA/University-Place/3002-Locust-Ave-W-98466/home/2985900,NWMLS as Distributed by MLS Grid,2422961,N,Y,47.2325317,-122.5443983
PAST SALE,October-1-2025,Single Family Residential,3574 E Roosevelt Ave,Tacoma,WA,98404,358500,2,1.0,Tacoma,650,6250,1957,,552,,Sold,,,https://www.redfin.com/WA/Tacoma/3574-E-Roosevelt-Ave-98404/home/2590761,NWMLS as Distributed by MLS Grid,2406420,N,Y,47.2267755,-122.399104
PAST SALE,October-21-2025,Single Family Residential,11009 Emmons Ct E,Puyallup,WA,98374,550000,4,2.5,Lipoma Firs,2090,3420,2022,,263,49,Sold,,,https://www.redfin.com/WA/Puyallup/11009-Emmons-Ct-E-98374/unit-917/home/179834387,NWMLS as Distributed by MLS Grid,2419525,N,Y,47.0861886,-122.2805864
PAST SALE,September-30-2025,Condo/Co-op,1 Broadway #720,Tacoma,WA,98402,480000,2,2.0,Stadium District,1042,,2005,,461,486,Sold,,,https://www.redfin.com/WA/Tacoma/1-Broadway-98402/unit-720/home/3040287,NWMLS as Distributed by MLS Grid,2417224,N,Y,47.2642038,-122.4461373
PAST SALE,June-25-2025,Single Family Residential,4805 Fawcett Ave,Tacoma,WA,98408,405000,2,1.0,Tacoma,1136,5000,1908,,357,,Sold,,,https://www.redfin.com/WA/Tacoma/4805-Fawcett-Ave-98408/home/2895848,NWMLS as Distributed by MLS Grid,2362246,N,Y,47.2132592,-122.4378748
PAST SALE,August-29-2025,Single Family Residential,4002 S 7th St,Tacoma,WA,98405,462500,2,1.0,Central Tacoma,778,3000,1921,,594,,Sold,,,https://www.redfin.com/WA/Tacoma/4002-S-7th-St-98405/home/2819763,NWMLS as Distributed by MLS Grid,2403690,N,Y,47.2542299,-122.4907103
PAST SALE,July-1-2025,Single Family Residential,801 141st St S,Tacoma,WA,98444,475000,3,2.0,Tacoma,1308,15000,1976,,363,,Sold,,,https://www.redfin.com/WA/Tacoma/801-141st-St-S-98444/home/2920101,NWMLS as Distributed by MLS Grid,2368100,N,Y,47.1296254,-122.4440244
PAST SALE,October-10-2025,Single Family Residential,6723 Quincy Ave SE,Auburn,WA,98092,730000,4,2.5,Lakeland,2659,8015,2012,,275,25,Sold,,,https://www.redfin.com/WA/Auburn/6723-Quincy-Ave-SE-98092/home/22785932,NWMLS as Distributed by MLS Grid,2424827,N,Y,47.2475867,-122.2081471
PAST SALE,July-1-2025,Single Family Residential,9212 Deers Tongue Cir W,University Place,WA,98467,530000,3,1.0,University Place,1040,8000,1969,,510,20,Sold,,,https://www.redfin.com/WA/University-Place/9212-Deers-Tongue-Cir-W-98467/home/2740143,NWMLS as Distributed by MLS Grid,2360396,N,Y,47.2086302,-122.5605229
PAST SALE,July-16-2025,Single Family Residential,1642 Browns Point Blvd,Tacoma,WA,98422,520000,4,2.0,Ne Tacoma,2200,11325,1963,,236,,Sold,,,https://www.redfin.com/WA/Tacoma/1642-Browns-Point-Blvd-98422/home/12245618,NWMLS as Distributed by MLS Grid,2385342,N,Y,47.2879941,-122.4008
PAST SALE,September-5-2025,Single Family Residential,5325 Monta Vista Dr E,Edgewood,WA,98372,774000,3,2.0,Edgewood,2792,32670,1951,,277,,Sold,,,https://www.redfin.com/WA/Edgewood/5325-Monta-Vista-Dr-E-98372/home/2678740,NWMLS as Distributed by MLS Grid,2398298,N,Y,47.2089064,-122.2642084
PAST SALE,July-2-2025,Mobile/Manufactured Home,13303 146th Ave NW,Gig Harbor,WA,98329,532000,2,2.0,Gig Harbor,1080,14237,1996,,493,52,Sold,,,https://www.redfin.com/WA/Gig-Harbor/13303-146th-Ave-NW-98329/home/3029179,NWMLS as Distributed by MLS Grid,2356179,N,Y,47.378928519,-122.7316264
PAST SALE,July-24-2025,Single Family Residential,5821 S Warner St,Tacoma,WA,98409,415000,2,2.0,South Tacoma,1068,4500,1912,,389,,Sold,,,https://www.redfin.com/WA/Tacoma/5821-S-Warner-St-98409/home/2719349,NWMLS as Distributed by MLS Grid,2369878,N,Y,47.2034832,-122.4807775
PAST SALE,September-29-2025,Single Family Residential,4727 171st Avenue Ct E,Lake Tapps,WA,98391,598000,3,2.5,Lake Tapps,1780,22215,1978,,336,30,Sold,,,https://www.redfin.com/WA/Lake-Tapps/4727-171st-Avenue-Ct-E-98391/home/2696068,NWMLS as Distributed by MLS Grid,2408196,N,Y,47.2140642,-122.2007992
PAST SALE,July-11-2025,Single Family Residential,15501 84th Ave E,Puyallup,WA,98375,624000,4,2.5,Puyallup,2823,5052,2007,,221,31,Sold,,,https://www.redfin.com/WA/Puyallup/15501-84th-Ave-E-98375/home/12407051,NWMLS as Distributed by MLS Grid,2371677,N,Y,47.1157779,-122.3161733
PAST SALE,June-30-2025,Single Family Residential,8201 26th Ave NW,Gig Harbor,WA,98332,2250000,3,3.5,Gig Harbor,3138,29047,1994,,717,,Sold,,,https://www.redfin.com/WA/Gig-Harbor/8201-26th-Ave-NW-98332/home/2482960,NWMLS as Distributed by MLS Grid,2363509,N,Y,47.3328428,-122.5702889
PAST SALE,July-31-2025,Single Family Residential,8124 152nd Street Ct E,Puyallup,WA,98375,625000,4,2.5,Puyallup,2815,4988,2016,,222,39,Sold,,,https://www.redfin.com/WA/Puyallup/8124-152nd-Street-Ct-E-98375/home/69363711,NWMLS as Distributed by MLS Grid,2378949,N,Y,47.1177642,-122.3211886
PAST SALE,June-4-2025,Single Family Residential,1448 Tacoma Point Dr E,Lake Tapps,WA,98391,975000,4,3.0,Lake Tapps,4296,40955,1968,,227,,Sold,,,https://www.redfin.com/WA/Lake-Tapps/1448-Tacoma-Point-Dr-E-98391/home/2894453,NWMLS as Distributed by MLS Grid,2353661,N,Y,47.243812,-122.1840204
PAST SALE,August-21-2025,Single Family Residential,301 N 4th St,Tacoma,WA,98403,1210000,3,2.5,Tacoma,2637,4000,1925,,459,,Sold,,,https://www.redfin.com/WA/Tacoma/301-N-4th-St-98403/home/2711632,NWMLS as Distributed by MLS Grid,2394210,N,Y,47.2685903,-122.4511341
PAST SALE,November-4-2025,Single Family Residential,17820 73rd Ave E,Puyallup,WA,98375,490000,3,2.5,Frederickson,1865,3788,2005,,263,46,Sold,,,https://www.redfin.com/WA/Puyallup/17820-73rd-Ave-E-98375/home/3037181,NWMLS as Distributed by MLS Grid,2424841,N,Y,47.0939874,-122.3327106
PAST SALE,August-1-2025,Single Family Residential,3693 Edwards Dr,Gig Harbor,WA,98335,920000,4,3.0,Gig Harbor,2519,14791,1993,,365,8,Sold,,,https://www.redfin.com/WA/Gig-Harbor/3693-Edwards-Dr-98335/home/2808508,NWMLS as Distributed by MLS Grid,2391944,N,Y,47.3280546,-122.5876698
PAST SALE,August-7-2025,Single Family Residential,648 S Davis St,Buckley,WA,98321,700000,4,2.5,Buckley,2702,6050,2019,,259,35,Sold,,,https://www.redfin.com/WA/Buckley/648-S-Davis-St-98321/home/167021147,NWMLS as Distributed by MLS Grid,2387900,N,Y,47.1539936,-122.0230172
PAST SALE,October-16-2025,Single Family Residential,6718 131st St E,Puyallup,WA,98373,482500,3,2.5,Puyallup,1312,4232,2001,,368,63,Sold,,,https://www.redfin.com/WA/Puyallup/6718-131st-St-E-98373/home/2995876,NWMLS as Distributed by MLS Grid,2413306,N,Y,47.1371571,-122.3393801
PAST SALE,July-10-2025,Single Family Residential,2911 S Puget Sound Ave,Tacoma,WA,98409,690000,5,3.0,Tacoma,2465,5408,2023,,280,,Sold,,,https://www.redfin.com/WA/Tacoma/2911-S-Puget-Sound-Ave-98409/home/2836980,NWMLS as Distributed by MLS Grid,2365477,N,Y,47.2337769,-122.482166
PAST SALE,July-1-2025,Single Family Residential,19613 91st Ave E,Graham,WA,98338,574950,4,2.5,Graham,2602,5536,2012,,221,29,Sold,,,https://www.redfin.com/WA/Graham/19613-91st-Ave-E-98338/home/28544084,NWMLS as Distributed by MLS Grid,2356772,N,Y,47.078616,-122.3076682
PAST SALE,October-17-2025,Single Family Residential,18101 98th St E,Bonney Lake,WA,98391,775000,4,2.5,Bonney Lake,2526,8571,2000,,307,37,Sold,,,https://www.redfin.com/WA/Bonney-Lake/18101-98th-St-E-98391/home/2954116,NWMLS as Distributed by MLS Grid,2417435,N,Y,47.168323,-122.1887958
PAST SALE,June-23-2025,Single Family Residential,9519 133rd St E,Puyallup,WA,98373,530000,4,2.5,Puyallup,1928,3280,2012,,275,113,Sold,,,https://www.redfin.com/WA/Puyallup/9519-133rd-St-E-98373/home/23094311,NWMLS as Distributed by MLS Grid,2354395,N,Y,47.1355925,-122.3016697
PAST SALE,September-30-2025,Single Family Residential,4825 E Q St #2922,Tacoma,WA,98404,515000,3,2.5,Tacoma,1600,3157,2015,,322,70,Sold,,,https://www.redfin.com/WA/Tacoma/4825-E-Q-St-98404/unit-2922/home/39892376,NWMLS as Distributed by MLS Grid,2380970,N,Y,47.2129216,-122.4064235
PAST SALE,June-17-2025,Single Family Residential,27615 36th Ave E,Spanaway,WA,98387,688000,3,3.0,Spanaway,2502,226512,1999,,275,,Sold,,,https://www.redfin.com/WA/Spanaway/27615-36th-Ave-E-98387/home/2550175,NWMLS as Distributed by MLS Grid,2352729,N,Y,47.0051112,-122.3813798
PAST SALE,October-28-2025,Single Family Residential,3307 69th Avenue Ct W,University Place,WA,98466,765000,3,2.5,University Place,2343,4500,2020,,327,180,Sold,,,https://www.redfin.com/WA/University-Place/3307-69th-Avenue-Ct-W-98466/home/168983740,NWMLS as Distributed by MLS Grid,2414167,N,Y,47.229768,-122.529275
PAST SALE,August-15-2025,Single Family Residential,17325 13th Ave E,Spanaway,WA,98387,465000,3,2.0,Spanaway,1080,15000,1978,,431,,Sold,,,https://www.redfin.com/WA/Spanaway/17325-13th-Ave-E-98387/home/2579611,NWMLS as Distributed by MLS Grid,2377750,N,Y,47.098531,-122.412068
PAST SALE,August-6-2025,Single Family Residential,16422 82nd Ave E,Puyallup,WA,98375,594391,4,2.5,Puyallup,2185,3999,2012,,272,33,Sold,,,https://www.redfin.com/WA/Puyallup/16422-82nd-Ave-E-98375/home/28676636,NWMLS as Distributed by MLS Grid,2374403,N,Y,47.1064387,-122.3203078
PAST SALE,October-7-2025,Townhouse,2750 Diamond Loop Unit E,Milton,WA,98354,408000,2,2.5,Milton,1426,,2004,,286,207,Sold,,,https://www.redfin.com/WA/Milton/2750-Diamond-Loop-98354/unit-E/home/3027547,NWMLS as Distributed by MLS Grid,2416783,N,Y,47.2541382,-122.297561
PAST SALE,August-18-2025,Single Family Residential,24214 38th Avenue Ct E,Spanaway,WA,98387,620000,3,2.5,Spanaway,2222,18497,1994,,279,,Sold,,,https://www.redfin.com/WA/Spanaway/24214-38th-Avenue-Ct-E-98387/home/2862903,NWMLS as Distributed by MLS Grid,2360539,N,Y,47.0361443,-122.3790482
PAST SALE,August-18-2025,Single Family Residential,11211 194th Ave NW,Gig Harbor,WA,98329,1514000,3,3.0,Gig Harbor,3160,20909,1988,,479,,Sold,,,https://www.redfin.com/WA/Gig-Harbor/11211-194th-Ave-NW-98329/home/2354858,NWMLS as Distributed by MLS Grid,2384433,N,Y,47.3609592,-122.7969192
PAST SALE,July-28-2025,Single Family Residential,15627 240th St E,Graham,WA,98338,710000,3,2.0,Graham,2112,53143,2019,,336,,Sold,,,https://www.redfin.com/WA/Graham/15627-240th-St-E-98338/home/22785197,NWMLS as Distributed by MLS Grid,2368584,N,Y,47.0393908,-122.2220894
PAST SALE,October-23-2025,Single Family Residential,2010 Crystal Springs Rd W,Tacoma,WA,98466,740000,3,2.5,University Place,1966,8063,2012,,376,,Sold,,,https://www.redfin.com/WA/Tacoma/2010-Crystal-Springs-Rd-W-98466/home/21506030,NWMLS as Distributed by MLS Grid,2409739,N,Y,47.241112,-122.548059
PAST SALE,September-24-2025,Single Family Residential,9322 Glencove Rd NW,Gig Harbor,WA,98329,710000,3,3.0,Glen Cove,1264,50000,2023,,562,,Sold,,,https://www.redfin.com/WA/Gig-Harbor/9322-Glencove-Rd-NW-98329/home/2371050,NWMLS as Distributed by MLS Grid,2395957,N,Y,47.343059822,-122.7341108
PAST SALE,October-1-2025,Single Family Residential,6102 S J St,Tacoma,WA,98408,390000,3,1.0,South Tacoma,1087,3300,1927,,359,,Sold,,,https://www.redfin.com/WA/Tacoma/6102-S-J-St-98408/home/2789315,NWMLS as Distributed by MLS Grid,2396335,N,Y,47.2017301,-122.4473977
PAST SALE,May-20-2025,Single Family Residential,11426 109th St,Anderson Island,WA,98303,285000,2,2.0,Anderson Island,1168,9000,1980,,244,72,Sold,,,https://www.redfin.com/WA/Anderson-Island/11426-109th-St-98303/home/2881734,NWMLS as Distributed by MLS Grid,2338029,N,Y,47.1588385,-122.6917162
PAST SALE,June-27-2025,Single Family Residential,315 Point Fosdick Pl NW,Gig Harbor,WA,98335,675000,4,2.0,Gig Harbor,1984,12150,1977,,340,42,Sold,,,https://www.redfin.com/WA/Gig-Harbor/315-Point-Fosdick-Pl-NW-98335/home/2854426,NWMLS as Distributed by MLS Grid,2344712,N,Y,47.2605214,-122.5884298
PAST SALE,October-22-2025,Single Family Residential,3521 50th Ave NE,Tacoma,WA,98422,470000,3,1.0,Ne Tacoma,1118,6048,1980,,420,,Sold,,,https://www.redfin.com/WA/Tacoma/3521-50th-Ave-NE-98422/home/2754753,NWMLS as Distributed by MLS Grid,2417163,N,Y,47.2892856,-122.3799252
PAST SALE,July-14-2025,Single Family Residential,19214 21st St SW,Lakebay,WA,98349,530000,1,1.0,Palmer Lake,990,20089,1975,,535,19,Sold,,,https://www.redfin.com/WA/Lakebay/19214-21st-St-SW-98349/home/2943435,NWMLS as Distributed by MLS Grid,2371269,N,Y,47.2391333,-122.7962354
PAST SALE,August-18-2025,Multi-Family (2-4 Unit),9921 9923 148th Street Ct E,Puyallup,WA,98375,657000,6,4.0,Puyallup,2120,17182,1989,,310,350,Sold,,,https://www.redfin.com/WA/Puyallup/9921-148th-St-Ct-E-98375/home/146332378,NWMLS as Distributed by MLS Grid,2375377,N,Y,47.121346,-122.295896
PAST SALE,October-17-2025,Single Family Residential,23201 40th Ave E,Spanaway,WA,98387,464000,3,2.5,Garden Oaks,1635,9441,1998,,284,50,Sold,,,https://www.redfin.com/WA/Spanaway/23201-40th-Ave-E-98387/home/2871323,NWMLS as Distributed by MLS Grid,2411000,N,Y,47.0458888,-122.3764721
PAST SALE,October-7-2025,Single Family Residential,18773 108th Ave E,Puyallup,WA,98374,536000,4,2.5,Lipoma Firs,1870,3060,2021,,287,21,Sold,,,https://www.redfin.com/WA/Puyallup/18773-108th-Ave-E-98374/home/174538577,NWMLS as Distributed by MLS Grid,2402784,N,Y,47.085938,-122.282388
PAST SALE,July-24-2025,Single Family Residential,14431 22nd Avenue Ct E,Tacoma,WA,98445,520000,3,2.0,Brookdale,1833,4350,2015,,284,164,Sold,,,https://www.redfin.com/WA/Tacoma/14431-22nd-Avenue-Ct-E-98445/home/12089349,NWMLS as Distributed by MLS Grid,2365906,N,Y,47.125489,-122.3992651
PAST SALE,October-6-2025,Single Family Residential,11508 Clovercrest Dr SW,Lakewood,WA,98499,862000,5,2.0,Lakewood,2749,39500,1958,,314,50,Sold,,,https://www.redfin.com/WA/Lakewood/11508-Clover-Crest-Dr-SW-98499/home/2765920,NWMLS as Distributed by MLS Grid,2403449,N,Y,47.1525107,-122.5224167
PAST SALE,July-10-2025,Single Family Residential,4524 S Bell St,Tacoma,WA,98418,328750,1,1.0,Tacoma,560,5750,1925,,587,,Sold,,,https://www.redfin.com/WA/Tacoma/4524-S-Bell-St-98418/home/2962265,NWMLS as Distributed by MLS Grid,2323814,N,Y,47.2159345,-122.4329487
PAST SALE,June-5-2025,Townhouse,2615 Mountain View Ave W Unit 6A,Tacoma,WA,98466,327000,2,1.5,University Place,1160,,1980,,282,400,Sold,,,https://www.redfin.com/WA/Tacoma/2615-Mountain-View-Ave-W-98466/unit-6A/home/177009092,NWMLS as Distributed by MLS Grid,2340614,N,Y,47.235823,-122.5421407
PAST SALE,September-10-2025,Single Family Residential,2006 186th Street Ct E,Spanaway,WA,98387,552000,4,3.0,Spanaway,2416,5275,2016,,228,41,Sold,,,https://www.redfin.com/WA/Spanaway/2006-186th-Street-Ct-E-98387/home/69366611,NWMLS as Distributed by MLS Grid,2384844,N,Y,47.0870645,-122.4028925
PAST SALE,August-22-2025,Single Family Residential,2048 Jensen Ave,Dupont,WA,98327,543800,4,2.5,Dupont,1951,4500,2003,,279,50,Sold,,,https://www.redfin.com/WA/DuPont/2048-Jensen-Ave-98327/home/3007286,NWMLS as Distributed by MLS Grid,2375073,N,Y,47.0997454,-122.6635346
PAST SALE,August-29-2025,Single Family Residential,3259 S 66th St,Tacoma,WA,98409,565000,5,3.0,South Tacoma,1721,3000,1916,,328,,Sold,,,https://www.redfin.com/WA/Tacoma/3259-S-66th-St-98409/home/2970857,NWMLS as Distributed by MLS Grid,2385134,N,Y,47.197624,-122.4790068
PAST SALE,September-2-2025,Single Family Residential,624 S Lawrence St,Tacoma,WA,98405,620000,3,1.5,Tacoma,1978,6000,1905,,313,,Sold,,,https://www.redfin.com/WA/Tacoma/624-S-Lawrence-St-98405/home/2771549,NWMLS as Distributed by MLS Grid,2370717,N,Y,47.2546103,-122.4794993
PAST SALE,June-24-2025,Townhouse,6589 James Ave SE Unit 12D,Auburn,WA,98092,499950,3,2.5,Lakeland,1770,,2004,,282,574,Sold,,,https://www.redfin.com/WA/Auburn/6589-James-Ave-SE-98092/unit-12D/home/3033141,NWMLS as Distributed by MLS Grid,2343101,N,Y,47.249936,-122.213899
PAST SALE,October-3-2025,Single Family Residential,6778 Montevista Dr SE,Auburn,WA,98092,707500,5,3.0,Lakeland,3108,5727,2004,,228,75,Sold,,,https://www.redfin.com/WA/Auburn/6778-Montevista-Dr-SE-98092/home/3027558,NWMLS as Distributed by MLS Grid,2398950,N,Y,47.2469355,-122.2182951
PAST SALE,November-6-2025,Single Family Residential,12902 2nd Ave Ct E,Tacoma,WA,98445,400000,3,2.0,Parkland,1362,9251,1952,,294,,Sold,,,https://www.redfin.com/WA/Tacoma/12902-2nd-Avenue-Ct-E-98445/home/2984220,NWMLS as Distributed by MLS Grid,2403882,N,Y,47.1399287,-122.428577
PAST SALE,August-22-2025,Single Family Residential,8906 161st St E,Puyallup,WA,98375,470000,3,2.5,Puyallup,1312,2850,2003,,358,24,Sold,,,https://www.redfin.com/WA/Puyallup/8906-161st-St-E-98375/home/3007706,NWMLS as Distributed by MLS Grid,2381876,N,Y,47.1092265,-122.310368
PAST SALE,October-10-2025,Single Family Residential,4325 E B St,Tacoma,WA,98404,440000,3,1.0,Tacoma,1868,7668,1946,,236,,Sold,,,https://www.redfin.com/WA/Tacoma/4325-E-B-St-98404/home/2984779,NWMLS as Distributed by MLS Grid,2380906,N,Y,47.2174228,-122.4293273
PAST SALE,October-17-2025,Single Family Residential,5128 N 48th St,Tacoma,WA,98407,505000,3,1.0,North Tacoma,864,4562,1952,,584,,Sold,,,https://www.redfin.com/WA/Tacoma/5128-N-48th-St-98407/home/2942306,NWMLS as Distributed by MLS Grid,2397366,N,Y,47.2927792,-122.5065496
PAST SALE,June-16-2025,Condo/Co-op,909 N I St #101,Tacoma,WA,98403,425000,2,2.0,North Tacoma,1598,,1980,,266,450,Sold,,,https://www.redfin.com/WA/Tacoma/909-N-I-St-98403/unit-101/home/2899749,NWMLS as Distributed by MLS Grid,2338601,N,Y,47.2658816,-122.4617765
PAST SALE,November-6-2025,Single Family Residential,1151 Griggs St,Dupont,WA,98327,695000,5,2.5,Dupont,3258,6443,2003,,213,49,Sold,,,https://www.redfin.com/WA/DuPont/1151-Griggs-St-98327/home/3024866,NWMLS as Distributed by MLS Grid,2411059,N,Y,47.1075421,-122.6329782
PAST SALE,June-26-2025,Single Family Residential,3707 128th St E,Tacoma,WA,98446,565000,3,1.5,Tacoma,1794,17693,1959,,315,,Sold,,,https://www.redfin.com/WA/Tacoma/3707-128th-St-E-98446/home/2745253,NWMLS as Distributed by MLS Grid,2339431,N,Y,47.14055,-122.3792661
PAST SALE,August-20-2025,Single Family Residential,3234 Hoffman Hill Blvd,Dupont,WA,98327,505000,3,2.5,Dupont,1764,3825,2008,,286,40,Sold,,,https://www.redfin.com/WA/DuPont/3234-Hoffman-Hill-Blvd-98327/home/16889173,NWMLS as Distributed by MLS Grid,2367425,N,Y,47.0927959,-122.6794082
PAST SALE,October-3-2025,Single Family Residential,10316 177th Ave E,Bonney Lake,WA,98391,800000,4,2.5,Sky Island,2532,8578,2007,,316,37,Sold,,,https://www.redfin.com/WA/Bonney-Lake/10316-177th-Ave-E-98391/home/12407437,NWMLS as Distributed by MLS Grid,2392450,N,Y,47.1634668,-122.1954239
PAST SALE,May-22-2025,Single Family Residential,321 N J St,Tacoma,WA,98403,899950,4,3.5,Tacoma,2872,5395,1891,,313,,Sold,,,https://www.redfin.com/WA/Tacoma/321-N-J-St-98403/home/2711523,NWMLS as Distributed by MLS Grid,2322722,N,Y,47.2624182,-122.4546448
PAST SALE,September-12-2025,Single Family Residential,12424 506th St E,Eatonville,WA,98328,550000,4,2.0,Alder Lake,2296,622908,1929,,240,,Sold,,,https://www.redfin.com/WA/Eatonville/12424-506th-St-E-98328/home/2635963,NWMLS as Distributed by MLS Grid,2363187,N,Y,46.7972219,-122.2686951
PAST SALE,September-19-2025,Single Family Residential,8023 A St,Tacoma,WA,98408,525000,4,2.0,South Tacoma,2398,15682,1910,,219,,Sold,,,https://www.redfin.com/WA/Tacoma/8023-A-St-98408/home/2619732,NWMLS as Distributed by MLS Grid,2371808,N,Y,47.1838638,-122.4310392
PAST SALE,October-31-2025,Single Family Residential,13712 Big Sky Dr E,Bonney Lake,WA,98391,595000,3,3.0,Tehaleh,2244,3600,2016,,265,88,Sold,,,https://www.redfin.com/WA/Bonney-Lake/13712-Big-Sky-Dr-E-98391/home/101685437,NWMLS as Distributed by MLS Grid,2396419,N,Y,47.126744,-122.1855901
PAST SALE,July-1-2025,Single Family Residential,21101 Church Lake Dr E,Bonney Lake,WA,98391,615000,2,2.0,Church Lake,832,13003,1967,,739,13,Sold,,,https://www.redfin.com/WA/Bonney-Lake/21101-Church-Lake-Dr-E-98391/home/2763804,NWMLS as Distributed by MLS Grid,2319967,N,Y,47.1892555,-122.1478683
PAST SALE,October-1-2025,Single Family Residential,14651 Crestwood Pl E,Bonney Lake,WA,98391,998000,4,3.5,Bonney Lake,3202,8314,2020,,312,91,Sold,,,https://www.redfin.com/WA/Bonney-Lake/14651-Crestwood-Pl-E-98391/home/167461877,NWMLS as Distributed by MLS Grid,2373459,N,Y,47.1226135,-122.1598027
PAST SALE,September-9-2025,Single Family Residential,10812 Mercury Ln,Gig Harbor,WA,98332,850000,4,2.5,Gig Harbor,3412,4675,2018,,249,105,Sold,,,https://www.redfin.com/WA/Gig-Harbor/10812-Mercury-Ln-98332/home/143256674,NWMLS as Distributed by MLS Grid,2370617,N,Y,47.3561878,-122.5911169
PAST SALE,July-28-2025,Single Family Residential,10707 212th St E,Graham,WA,98338,975000,4,3.0,Graham,2519,430373,2024,,387,,Sold,,,https://www.redfin.com/WA/Graham/10707-212th-St-E-98338/home/23044603,NWMLS as Distributed by MLS Grid,2339098,N,Y,47.0641969,-122.2884585
PAST SALE,October-9-2025,Single Family Residential,2418 83rd St NW,Gig Harbor,WA,98332,1258000,4,3.5,Gig Harbor,3550,13840,2002,,354,50,Sold,,,https://www.redfin.com/WA/Gig-Harbor/2418-83rd-St-NW-98332/home/2812969,NWMLS as Distributed by MLS Grid,2386705,N,Y,47.3332804,-122.5719844
PAST SALE,October-7-2025,Single Family Residential,8108 185th Street Ct E,Puyallup,WA,98375,520000,4,2.5,Puyallup,2064,5000,2006,,252,,Sold,,,https://www.redfin.com/WA/Puyallup/8108-185th-Street-Ct-E-98375/home/3042168,NWMLS as Distributed by MLS Grid,2368767,N,Y,47.0877055,-122.3210119
PAST SALE,October-1-2025,Single Family Residential,12605 179th St E,Puyallup,WA,98374,618000,3,2.5,Sunrise,2345,5855,2022,,264,67,Sold,,,https://www.redfin.com/WA/Puyallup/12605-179th-St-E-98374/home/175258443,NWMLS as Distributed by MLS Grid,2378081,N,Y,47.0946146,-122.2598174
PAST SALE,October-31-2025,Single Family Residential,2804 18th St SE,Puyallup,WA,98374,665000,3,2.5,Puyallup,2256,12118,1994,,295,,Sold,,,https://www.redfin.com/WA/Puyallup/2804-18th-St-SE-98374/home/2927030,NWMLS as Distributed by MLS Grid,2397570,N,Y,47.1638995,-122.271651
PAST SALE,July-22-2025,Single Family Residential,1523 4th Ave NW,Puyallup,WA,98371,475000,3,1.5,Downtown,1575,13343,1947,,302,,Sold,,,https://www.redfin.com/WA/Puyallup/1523-4th-Ave-NW-98371/home/2681896,NWMLS as Distributed by MLS Grid,2340534,N,Y,47.1951124,-122.3151594
PAST SALE,October-15-2025,Condo/Co-op,6125 Isaac Ave SE Unit C,Auburn,WA,98092,385000,2,2.0,Lakeland,1148,2550,2004,,335,303,Sold,,,https://www.redfin.com/WA/Auburn/6125-Isaac-Ave-SE-98092/unit-C/home/28540222,NWMLS as Distributed by MLS Grid,2381739,N,Y,47.2521703,-122.2156669
PAST SALE,August-25-2025,Single Family Residential,7716 Connells Prairie Rd E,Bonney Lake,WA,98391,835000,4,3.0,Bonney Lake,2788,7113,2019,,299,31,Sold,,,https://www.redfin.com/WA/Bonney-Lake/7716-Connells-Prairie-Rd-E-98391/home/146134273,NWMLS as Distributed by MLS Grid,2349449,N,Y,47.1868039,-122.1449554
PAST SALE,November-3-2025,Single Family Residential,9829 Kooley Dr NW,Gig Harbor,WA,98329,917800,3,2.5,Gig Harbor,3455,59241,2007,,266,13,Sold,,,https://www.redfin.com/WA/Gig-Harbor/9829-Kooley-Dr-NW-98329/home/189767204,NWMLS as Distributed by MLS Grid,2403745,N,Y,47.3476954,-122.7254676
PAST SALE,September-4-2025,Condo/Co-op,525 Broadway #207,Tacoma,WA,98402,525000,2,2.0,Tacoma,1414,,1978,,371,587,Sold,,,https://www.redfin.com/WA/Tacoma/525-Broadway-98402/unit-207/home/2728909,NWMLS as Distributed by MLS Grid,2349874,N,Y,47.2592343,-122.4416358
PAST SALE,November-3-2025,Multi-Family (2-4 Unit),6612 4th St E,Tacoma,WA,98424,615000,3,5.0,Fife Heights,3096,17424,1985,,199,,Sold,,,https://www.redfin.com/WA/Tacoma/6612-4th-St-E-98424/home/2672467,NWMLS as Distributed by MLS Grid,2372078,N,Y,47.253432,-122.340458
PAST SALE,June-12-2025,Single Family Residential,12643 176th St E,Puyallup,WA,98374,825000,4,3.0,Puyallup,2911,16298,2022,,283,65,Sold,,,https://www.redfin.com/WA/Puyallup/12643-176th-St-E-98374/home/175258484,NWMLS as Distributed by MLS Grid,2227101,N,Y,47.0964485,-122.2576836
PAST SALE,September-30-2025,Condo/Co-op,1 N Stadium Way #5,Tacoma,WA,98403,750000,2,2.5,Stadium District,2500,,1975,,300,1167,Sold,,,https://www.redfin.com/WA/Tacoma/1-N-Stadium-Way-98403/unit-5/home/2972733,NWMLS as Distributed by MLS Grid,2341420,N,Y,47.265237,-122.446593
PAST SALE,May-15-2025,Single Family Residential,1321 N Heatherwood W,Tacoma,WA,98406,752200,4,3.0,Narrows,2863,9120,1960,,263,,Sold,,,https://www.redfin.com/WA/Tacoma/1321-N-Heatherwood-W-98406/home/2922608,NWMLS as Distributed by MLS Grid,2303041,N,Y,47.2630595,-122.5334654
PAST SALE,September-16-2025,Condo/Co-op,4961 Main St #713,Tacoma,WA,98407,540000,2,2.0,North Tacoma,894,,2018,,604,360,Sold,,,https://www.redfin.com/WA/Tacoma/4961-Main-St-98407/unit-713/home/145251092,NWMLS as Distributed by MLS Grid,2350053,N,Y,47.297385,-122.5017711
PAST SALE,,Mobile/Manufactured Home,11522 34th Ave E,Tacoma,WA,98446,375000,2,2.0,,924,108900,1977,,406,,,,,https://www.redfin.com/WA/Tacoma/11522-34th-Ave-E-98446/home/3029684,,,N,Y,47.1513802,-122.3840759
PAST SALE,November-7-2025,Single Family Residential,7715 126th St E,Puyallup,WA,98373,542500,3,2.0,South Hill,1486,15120,1990,,365,,Sold,,,https://www.redfin.com/WA/Puyallup/7715-126th-St-E-98373/home/2826613,NWMLS as Distributed by MLS Grid,2453464,N,Y,47.1426819,-122.3264001
PAST SALE,July-22-2025,Single Family Residential,14830 207th Ave E,,WA,98391,584900,2,2.0,Tehaleh,1342,4451,2025,,436,21,Sold,,,https://www.redfin.com/WA/Unknown/14830-207th-Ave-E-Unknown/home/194023429,NWMLS as Distributed by MLS Grid,2411364,N,Y,47.117723,-122.153985
PAST SALE,,Vacant Land,1124 282nd St E,Roy,WA,98580,147100,,,,,132422,,,,,,,,https://www.redfin.com/WA/Roy/1124-282nd-St-E-98580/home/23060136,,,N,Y,47.0001277,-122.4149147
PAST SALE,June-27-2025,Single Family Residential,20401 148th St E #625,Bonney Lake,WA,98391,774990,5,3.0,Tehaleh,2660,4694,2025,,291,88,Sold,,,https://www.redfin.com/WA/Bonney-Lake/20401-148th-St-E-98391/unit-625/home/196210351,NWMLS as Distributed by MLS Grid,2400675,N,Y,47.1196887,-122.1573669
PAST SALE,August-7-2025,Single Family Residential,31 Raft Island Dr NW,Gig Harbor,WA,98335,1320000,1,1.0,Raft Island,1124,13160,2015,,1174,200,Sold,,,https://www.redfin.com/WA/Gig-Harbor/31-Raft-Island-Dr-NW-98335/home/2854856,NWMLS as Distributed by MLS Grid,2421290,N,Y,47.3267455,-122.6734924
PAST SALE,October-29-2025,Vacant Land,10221 Holly Ln SW,Lakewood,WA,98499,160000,,,Lakewood,,6420,,,,,Sold,,,https://www.redfin.com/WA/Lakewood/10221-Holly-Ln-SW-98499/home/2905019,NWMLS as Distributed by MLS Grid,2446025,N,Y,47.164209,-122.5080475
PAST SALE,August-7-2025,Single Family Residential,6827 S JUNETT St,Tacoma,WA,98409,440000,4,1.5,South Tacoma,1300,6000,1946,,338,,Sold,,,https://www.redfin.com/WA/Tacoma/6827-S-Junett-St-98409/home/2979778,NWMLS as Distributed by MLS Grid,2418510,N,Y,47.1946252,-122.4741104
PAST SALE,May-28-2025,Single Family Residential,1625 137th St E #20,Tacoma,WA,98445,756100,5,3.0,Brookdale,2823,13273,2024,,268,78,Sold,,,https://www.redfin.com/WA/Tacoma/1625-137th-St-E-98445/unit-20/home/194995490,NWMLS as Distributed by MLS Grid,2303766,N,Y,47.1304638,-122.4052912
PAST SALE,October-7-2025,Vacant Land,219 Cornwall Rd NW,Lakebay,WA,98349,150000,,,Lakebay,,435600,,,,,Sold,,,https://www.redfin.com/WA/Lakebay/219-Cornwall-Rd-NW-98349/home/198527474,NWMLS as Distributed by MLS Grid,2442849,N,Y,47.2584228,-122.7768289
PAST SALE,October-24-2025,Single Family Residential,1507 S I St,Tacoma,WA,98405,366300,2,1.0,New Tacoma,663,3000,1890,,552,,Sold,,,https://www.redfin.com/WA/Tacoma/1507-S-I-St-98405/home/2709196,NWMLS as Distributed by MLS Grid,2448521,N,Y,47.2478859,-122.4475976
PAST SALE,September-25-2025,Single Family Residential,23111 62 St E,Buckley,WA,98321,1155000,4,3.5,Bonney Lake,3889,11010,2022,,297,50,Sold,,,https://www.redfin.com/WA/Buckley/23111-62nd-St-E-98321/home/175258709,NWMLS as Distributed by MLS Grid,2440121,N,Y,47.2014061,-122.1222478
PAST SALE,August-5-2025,Single Family Residential,7209 Interlaaken Dr SW,Lakewood,WA,98499,1425000,6,5.0,Lake Steilacoom,3927,36300,1920,,363,,Sold,,,https://www.redfin.com/WA/Lakewood/7209-Interlaaken-Dr-SW-98499/home/2848289,NWMLS as Distributed by MLS Grid,2418552,N,Y,47.1670884,-122.5359122
PAST SALE,May-27-2025,Single Family Residential,20847 156th St E #129,Bonney Lake,WA,98391,800975,4,3.5,Tehaleh,2616,4725,2024,,306,88,Sold,,,https://www.redfin.com/WA/Bonney-Lake/20847-156th-St-E-98391/unit-129/home/193711678,NWMLS as Distributed by MLS Grid,2313205,N,Y,47.1133733,-122.1545076
PAST SALE,May-30-2025,Single Family Residential,20205 148th St E #607,Bonney Lake,WA,98391,909339,4,3.5,Tehaleh,2618,5377,2025,,347,88,Sold,,,https://www.redfin.com/WA/Bonney-Lake/20205-148th-St-E-98391/unit-607/home/194619334,NWMLS as Distributed by MLS Grid,2329721,N,Y,47.1213299,-122.160052
PAST SALE,June-30-2025,Single Family Residential,20308 150th St E #595,Bonney Lake,WA,98391,774990,5,3.0,Tehaleh,2660,4800,2025,,291,88,Sold,,,https://www.redfin.com/WA/Bonney-Lake/20308-150th-St-E-98391/unit-595/home/196159997,NWMLS as Distributed by MLS Grid,2396576,N,Y,47.1192803,-122.1600474
PAST SALE,July-15-2025,Mobile/Manufactured Home,15726 178th Ave NW,Gig Harbor,WA,98329,220000,3,2.0,Carney Lake,1680,65925,1985,,131,,Sold,,,https://www.redfin.com/WA/Gig-Harbor/15726-178th-Ave-NW-98329/home/16888356,NWMLS as Distributed by MLS Grid,2408249,N,Y,47.4011684,-122.7749088
PAST SALE,,Single Family Residential,21106 Church Lake Dr E,Bonney Lake,WA,98391,600000,3,2.0,,2458,14400,1980,,244,,,,,https://www.redfin.com/WA/Bonney-Lake/21106-Church-Lake-Dr-E-98391/home/2764047,,,N,Y,47.1895259,-122.1469984
PAST SALE,June-27-2025,Single Family Residential,14907 202nd Avenue Ct E #692,Bonney Lake,WA,98391,659995,5,2.5,Tehaleh,2436,3889,2025,,271,88,Sold,,,https://www.redfin.com/WA/Bonney-Lake/14907-202nd-Avenue-Ct-E-98391/unit-692/home/195756710,NWMLS as Distributed by MLS Grid,2374047,N,Y,47.1203325,-122.1603769
PAST SALE,May-24-2025,Single Family Residential,5122 65th Ave W,University Place,WA,98467,670000,3,2.0,University Place,1432,9000,1983,,468,,Sold,,,https://www.redfin.com/WA/University-Place/5122-65th-Ave-W-98467/home/2960036,NWMLS as Distributed by MLS Grid,2368761,N,Y,47.2101493,-122.5233868
PAST SALE,May-21-2025,Single Family Residential,818 Shannon St,Steilacoom,WA,98388,625000,3,2.0,Steilacoom,1667,11053,1993,,375,,Sold,,,https://www.redfin.com/WA/Steilacoom/818-Shannon-St-98388/home/2808705,NWMLS as Distributed by MLS Grid,2390479,N,Y,47.1679715,-122.5870816
PAST SALE,,Single Family Residential,8201 124th St E,Puyallup,WA,98373,425000,3,2.0,,1708,10019,1965,,249,,,,,https://www.redfin.com/WA/Puyallup/8201-124th-St-E-98373/home/2663237,,,N,Y,47.1442384,-122.319722
PAST SALE,June-30-2025,Mobile/Manufactured Home,35910 74th Ave S,Roy,WA,98580,495000,3,2.0,Roy,1788,217899,1999,,277,,Sold,,,https://www.redfin.com/WA/Roy/35910-74th-Ave-S-98580/home/2432964,NWMLS as Distributed by MLS Grid,2401407,N,Y,46.9310769,-122.5303245
PAST SALE,August-4-2025,Single Family Residential,3508 183rd Street Ct E,Tacoma,WA,98446,625000,4,2.5,Frederickson,2507,4800,2025,,249,85,Sold,,,https://www.redfin.com/WA/Tacoma/3508-183rd-Street-Ct-E-98446/home/194020634,NWMLS as Distributed by MLS Grid,2416771,N,Y,47.0894328,-122.3828011
PAST SALE,June-19-2025,Single Family Residential,14815 204th Avenue Ct E #575,Bonney Lake,WA,98391,774990,5,3.0,Tehaleh,2660,4500,2025,,291,86,Sold,,,https://www.redfin.com/WA/Bonney-Lake/14815-204th-Avenue-Ct-E-98391/unit-575/home/195834516,NWMLS as Distributed by MLS Grid,2377512,N,Y,47.1189834,-122.1568534
PAST SALE,,Single Family Residential,13224 Purdy Dr NW,Gig Harbor,WA,98332,1050000,2,2.0,,1854,17500,1900,,566,,,,,https://www.redfin.com/WA/Gig-Harbor/13224-Purdy-Dr-NW-98332/home/2408697,,,N,Y,47.3791048,-122.6249351
PAST SALE,August-22-2025,Single Family Residential,6716 135th Street Ct E,Puyallup,WA,98373,460000,3,2.0,English Ridge,1224,4265,2000,,376,63,Sold,,,https://www.redfin.com/WA/Puyallup/6716-135th-Street-Ct-E-98373/home/2994385,NWMLS as Distributed by MLS Grid,2412357,N,Y,47.1331076,-122.3393638
PAST SALE,August-8-2025,Single Family Residential,13904 179th St E,Puyallup,WA,98374,760000,4,2.5,Puyallup,2846,6220,2025,,267,125,Sold,,,https://www.redfin.com/WA/Puyallup/13904-179th-St-E-98374/home/194021596,NWMLS as Distributed by MLS Grid,2384530,N,Y,47.0929801,-122.2478702
PAST SALE,September-4-2025,Single Family Residential,20312 154th St E #13,Bonney Lake,WA,98391,874900,5,3.0,Bonney Lake,2970,5899,2025,,295,,Sold,,,https://www.redfin.com/WA/Bonney-Lake/20312-154th-St-E-98391/unit-13/home/197206013,NWMLS as Distributed by MLS Grid,2412347,N,Y,47.117104,-122.1611368
PAST SALE,May-22-2025,Single Family Residential,17409 9th Ave E,Spanaway,WA,98405,370000,3,1.5,Sunnydale,1476,7500,1977,,251,,Sold,,,https://www.redfin.com/WA/Spanaway/17409-9th-Ave-E-98387/home/2975016,NWMLS as Distributed by MLS Grid,2452752,N,Y,47.0985673,-122.4187223
PAST SALE,October-17-2025,Single Family Residential,4405 Waller Rd E,Tacoma,WA,98443,465000,4,1.5,Waller,1667,47044,1955,,279,,Sold,,,https://www.redfin.com/WA/Tacoma/4405-Waller-Rd-E-98443/home/2590858,NWMLS as Distributed by MLS Grid,2446252,N,Y,47.217072,-122.386005
PAST SALE,June-9-2025,Single Family Residential,5639 Elizabeth Ave SE,Auburn,WA,98092,950000,4,2.5,Lakeland,3160,8720,1999,,301,35,Sold,,,https://www.redfin.com/WA/Auburn/5639-Elizabeth-Ave-SE-98092/home/217014,NWMLS as Distributed by MLS Grid,2390960,N,Y,47.2576089,-122.2227196
PAST SALE,,Condo/Co-op,17303 Spanaway Loop Rd S #7,Spanaway,WA,98387,147000,3,3.0,,1461,,1971,,101,,,,,https://www.redfin.com/WA/Spanaway/17303-Spanaway-Loop-Rd-S-98387/unit-7/home/2766987,,,N,Y,47.1024594,-122.4502854
PAST SALE,May-15-2025,Single Family Residential,4321 S 52ND,Tacoma,WA,98409,620000,1,2.5,Tacoma,2265,4642,2015,,274,33,Sold,,,https://www.redfin.com/WA/Tacoma/4321-S-52nd-St-98409/home/69370424,NWMLS as Distributed by MLS Grid,2377008,N,Y,47.2107622,-122.495222
PAST SALE,October-27-2025,Single Family Residential,10203 174th Ave E,Bonney Lake,WA,98391,1400000,4,3.0,Sky Island,4302,12705,2025,,325,21,Sold,,,https://www.redfin.com/WA/Bonney-Lake/10203-174th-Ave-E-98391/home/143859270,NWMLS as Distributed by MLS Grid,2448863,N,Y,47.1641713,-122.1967173
PAST SALE,September-22-2025,Multi-Family (2-4 Unit),716 Martin Luther King Jr Way,Tacoma,WA,98405,334375,6,2.0,Central Tacoma,2372,3250,1900,,141,,Sold,,,https://www.redfin.com/WA/Tacoma/716-Martin-Luther-King-Jr-Way-98405/home/2706200,NWMLS as Distributed by MLS Grid,2446660,N,Y,47.2554707,-122.4528896
PAST SALE,May-16-2025,Mobile/Manufactured Home,18223 85th Avenue Ct E,Puyallup,WA,98375,354500,3,2.0,Puyallup,1368,12100,1990,,259,20,Sold,,,https://www.redfin.com/WA/Puyallup/18223-85th-Avenue-Ct-E-98375/home/2794672,NWMLS as Distributed by MLS Grid,2375262,N,Y,47.0900993,-122.3151975
PAST SALE,,Single Family Residential,2315 S Fruitland,Puyallup,WA,98373,575000,2,2.0,,1468,21780,2001,,392,,,,,https://www.redfin.com/WA/Puyallup/2315-S-Fruitland-98373/home/2662091,,,N,Y,47.1691966,-122.3279393
PAST SALE,October-29-2025,Single Family Residential,14669 203rd Ave E #9,Bonney Lake,WA,98391,874900,5,3.0,Bonney Lake,3089,6382,2025,,283,,Sold,,,https://www.redfin.com/WA/Bonney-Lake/14669-203rd-Ave-E-98391/unit-9/home/196238062,NWMLS as Distributed by MLS Grid,2396718,N,Y,47.120306,-122.1565391
PAST SALE,August-21-2025,Single Family Residential,18628 134th Ave E #90,Puyallup,WA,98374,669950,5,3.0,Sunrise,2565,9228,2024,,261,65,Sold,,,https://www.redfin.com/WA/Puyallup/18628-134-Ave-E-98374/unit-90/home/193796089,NWMLS as Distributed by MLS Grid,2314967,N,Y,47.0868269,-122.2519263
PAST SALE,,Single Family Residential,7624 36th Street Ct NW,Gig Harbor,WA,98335,650000,3,3.0,,1690,12300,1990,,385,,,,,https://www.redfin.com/WA/Gig-Harbor/7624-36th-Street-Ct-NW-98335/home/2976989,,,N,Y,47.2902546,-122.6399706
PAST SALE,,Single Family Residential,4002 N Highland St,Tacoma,WA,98407,671000,3,3.0,,1486,5060,2024,,452,,,,,https://www.redfin.com/WA/Tacoma/4002-N-Highland-St-98407/home/22086207,,,N,Y,47.285778,-122.514577
PAST SALE,,Single Family Residential,16907 130th Ave E,Puyallup,WA,98374,525000,3,2.0,,1422,6749,1997,,369,,,,,https://www.redfin.com/WA/Puyallup/16907-130th-Ave-E-98374/home/2930166,,,N,Y,47.1014671,-122.255791
PAST SALE,October-31-2025,Single Family Residential,320 Cornwall Rd NW,Lakebay,WA,98349,514000,3,2.0,Lakebay,1716,277042,1998,,300,,Sold,,,https://www.redfin.com/WA/Lakebay/320-Cornwall-Rd-NW-98349/home/2345585,NWMLS as Distributed by MLS Grid,2453420,N,Y,47.2608797,-122.7852156
PAST SALE,October-16-2025,Single Family Residential,9710 109th Street Ct SW,Lakewood,WA,98498,485000,3,2.0,Lake Louise,1405,6652,1999,,345,44,Sold,,,https://www.redfin.com/WA/Lakewood/9710-109th-Street-Ct-SW-98498/home/2814608,NWMLS as Distributed by MLS Grid,2446033,N,Y,47.1576546,-122.5661655
PAST SALE,September-8-2025,Single Family Residential,10417 235th St E,Graham,WA,98338,320000,4,1.5,Graham,1612,63598,1967,,199,,Sold,,,https://www.redfin.com/WA/Graham/10417-234th-St-E-98338/home/2655211,NWMLS as Distributed by MLS Grid,2430827,N,Y,47.0441173,-122.2917509
PAST SALE,June-12-2025,Single Family Residential,2219 NW 9th Street Ct,Gig Harbor,WA,98335,1350000,5,3.0,The Narrows,3436,16528,1993,,393,150,Sold,,,https://www.redfin.com/WA/Gig-Harbor/2219-9th-Street-Ct-NW-98335/home/2803700,NWMLS as Distributed by MLS Grid,2392262,N,Y,47.2668615,-122.5698035
PAST SALE,October-9-2025,Mobile/Manufactured Home,8108 18th Avenue Ct E #4,Tacoma,WA,98404,57000,2,1.5,Midland,714,,1985,,80,,Sold,,,https://www.redfin.com/WA/Tacoma/8108-18th-Avenue-Ct-E-98404/unit-4/home/3021790,NWMLS as Distributed by MLS Grid,2446104,N,Y,47.18349,-122.404962
PAST SALE,August-22-2025,Vacant Land,0 Hunt St NW,Gig Harbor,WA,98335,115000,,,Artondale,,37897,,,,,Sold,,,https://www.redfin.com/WA/Gig-Harbor/Hunt-St-Nw-98335/home/23071157,NWMLS as Distributed by MLS Grid,2424877,N,Y,47.315086,-122.631683
PAST SALE,August-8-2025,Single Family Residential,15927 205th Avenue Ct E,Bonney Lake,WA,98391,1061082,4,3.5,Tehaleh,3898,7791,2024,,272,84,Sold,,,https://www.redfin.com/WA/Bonney-Lake/15927-205th-Avenue-Ct-E-98391/home/185219043,NWMLS as Distributed by MLS Grid,2207928,N,Y,47.1115877,-122.1592166
PAST SALE,,Single Family Residential,218 E 72nd St,Tacoma,WA,98404,575000,4,3.0,,2352,6141,2004,,244,,,,,https://www.redfin.com/WA/Tacoma/218-E-72nd-St-98404/home/3037930,,,N,Y,47.1914659,-122.4277371
PAST SALE,,Single Family Residential,3709 232nd Street Ct E,Spanaway,WA,98387,265000,3,3.0,,1948,7945,1998,,136,,,,,https://www.redfin.com/WA/Spanaway/3709-232nd-Street-Ct-E-98387/home/2871256,,,N,Y,47.0457248,-122.3796599
PAST SALE,June-2-2025,Multi-Family (2-4 Unit),4312 4316 S Alder St,Tacoma,WA,98409,710000,7,3.0,South Tacoma,2656,9750,1968,,267,,Sold,,,https://www.redfin.com/WA/Tacoma/4326-S-Alder-St-98409/home/194807370,NWMLS as Distributed by MLS Grid,2386811,N,Y,47.217763,-122.478212
PAST SALE,June-25-2025,Single Family Residential,8405 206th Street Ct E,Spanaway,WA,98387,594000,4,2.5,Bethel,2175,9063,2011,,273,42,Sold,,,https://www.redfin.com/WA/Spanaway/8405-206th-Street-Ct-E-98387/home/22762526,NWMLS as Distributed by MLS Grid,2381884,N,Y,47.0694139,-122.3175476
PAST SALE,June-24-2025,Single Family Residential,13510 187th St E #27,Puyallup,WA,98374,803933,5,4.0,Sunrise,3025,7995,2024,,266,65,Sold,,,https://www.redfin.com/WA/Puyallup/13510-187-St-E-98374/unit-27/home/193528320,NWMLS as Distributed by MLS Grid,2310881,N,Y,47.0854561,-122.2504523
PAST SALE,September-4-2025,Single Family Residential,22806 61st St E #295,Buckley,WA,98321,1002509,5,3.5,Bonney Lake/Buckley,3372,14242,2025,,297,50,Sold,,,https://www.redfin.com/WA/Buckley/22806-61st-St-E-98321/home/181349096,NWMLS as Distributed by MLS Grid,2359372,N,Y,47.2013185,-122.1254513
PAST SALE,August-11-2025,Single Family Residential,20346 154th St E,Bonney Lake,WA,98391,901665,5,3.0,Bonney Lake,2970,6530,2025,,304,,Sold,,,https://www.redfin.com/WA/Bonney-Lake/20346-154th-St-E-98391/home/185218948,NWMLS as Distributed by MLS Grid,2422349,N,Y,47.1160609,-122.1609661
PAST SALE,,Single Family Residential,6611 S Fife St,Tacoma,WA,98409,210000,2,1.0,,722,5608,1940,,291,,,,,https://www.redfin.com/WA/Tacoma/6611-S-Fife-St-98409/home/2611187,,,N,Y,47.196827,-122.4705005
PAST SALE,May-20-2025,Single Family Residential,4105 72nd St E,Tacoma,WA,98443,800000,2,2.0,Midland,1936,54450,2001,,413,,Sold,,,https://www.redfin.com/WA/Tacoma/4105-72nd-St-E-98443/home/113753663,NWMLS as Distributed by MLS Grid,2379712,N,Y,47.1917311,-122.3739623
PAST SALE,May-27-2025,Single Family Residential,8517 13th Ave E,Tacoma,WA,98445,662900,4,2.5,Midland,2378,4700,2025,,279,70,Sold,,,https://www.redfin.com/WA/Tacoma/8517-13th-Ave-E-98445/home/194020544,NWMLS as Distributed by MLS Grid,2382032,N,Y,47.1793648,-122.4114807
PAST SALE,,Single Family Residential,1600 8th Ave NW,Puyallup,WA,98371,455000,3,2.0,,1416,11000,1965,,321,,,,,https://www.redfin.com/WA/Puyallup/1600-8th-Ave-NW-98371/home/2987879,,,N,Y,47.1982753,-122.3151769
PAST SALE,August-19-2025,Single Family Residential,16402 8th Avenue Ct E Lot 35,Spanaway,WA,98387,704625,5,3.5,Spanaway,2603,6577,2025,,271,42,Sold,,,https://www.redfin.com/WA/Spanaway/16402-8th-Avenue-Ct-E-98387/unit-35/home/193989100,NWMLS as Distributed by MLS Grid,2311420,N,Y,47.1025401,-122.4199312
PAST SALE,July-15-2025,Single Family Residential,15309 204th Ave E #53,Bonney Lake,WA,98391,914900,5,3.0,Bonney Lake,3306,5000,2025,,277,,Sold,,,https://www.redfin.com/WA/Bonney-Lake/15309-204th-Ave-E-98391/unit-53/home/195288523,NWMLS as Distributed by MLS Grid,2356221,N,Y,47.1164475,-122.1596541
PAST SALE,May-28-2025,Single Family Residential,20005 145th St E,Bonney Lake,WA,98391,770000,4,2.5,Tehaleh,2768,5850,2019,,278,64,Sold,,,https://www.redfin.com/WA/Bonney-Lake/20005-145th-St-E-98391/home/167461637,NWMLS as Distributed by MLS Grid,2383068,N,Y,47.1251343,-122.1631933
PAST SALE,October-28-2025,Single Family Residential,13518 185th Street Ct E #108,South Hill,WA,98374,724852,3,2.0,Puyallup,1990,6820,2025,,364,67,Sold,,,https://www.redfin.com/WA/South-Hill/13518-185th-Street-Ct-E-98374/unit-108/home/196245537,NWMLS as Distributed by MLS Grid,2401576,N,Y,47.0875098,-122.2489576
PAST SALE,May-29-2025,Single Family Residential,20324 154th St E,Bonney Lake,WA,98391,777565,3,2.5,Bonney Lake,2612,6530,2025,,298,,Sold,,,https://www.redfin.com/WA/Bonney-Lake/20324-154th-St-E-98391/home/185218953,NWMLS as Distributed by MLS Grid,2387934,N,Y,47.1167255,-122.1611482
PAST SALE,,Single Family Residential,4006 S D St,Tacoma,WA,98418,425000,2,1.0,,1298,5964,1951,,327,,,,,https://www.redfin.com/WA/Tacoma/4006-S-D-St-98418/home/2962574,,,N,Y,47.2205453,-122.436362
PAST SALE,September-16-2025,Single Family Residential,87 Hylebos Ave,Milton,WA,98354,415000,2,1.0,Milton,1160,12381,1982,,358,,Sold,,,https://www.redfin.com/WA/Milton/87-Hylebos-Ave-98354/home/366597,NWMLS as Distributed by MLS Grid,2435073,N,Y,47.2586201,-122.3133968
PAST SALE,May-28-2025,Single Family Residential,15703 205th Avenue Ct E,Bonney Lake,WA,98391,1094572,5,5.0,Tehaleh,4016,7340,2024,,273,84,Sold,,,https://www.redfin.com/WA/Bonney-Lake/15703-205th-Avenue-Ct-E-98391/home/185219050,NWMLS as Distributed by MLS Grid,2263179,N,Y,47.1128704,-122.1591638
PAST SALE,May-15-2025,Single Family Residential,20209 148th St E #608,Bonney Lake,WA,98391,842952,4,3.0,Tehaleh,2414,5248,2025,,349,88,Sold,,,https://www.redfin.com/WA/Bonney-Lake/20209-148th-St-E-98391/unit-608/home/194823548,NWMLS as Distributed by MLS Grid,2325707,N,Y,47.1212304,-122.1599171
PAST SALE,May-16-2025,Single Family Residential,20706 Snag Island Dr E,Bonney Lake,WA,98391,4500000,7,10.5,Snag Island,11060,87098,1997,,407,83,Sold,,,https://www.redfin.com/WA/Bonney-Lake/20706-Snag-Island-Dr-E-98391/home/2698156,NWMLS as Distributed by MLS Grid,2361122,N,Y,47.2122261,-122.150799
PAST SALE,June-2-2025,Single Family Residential,257 Whitmore Way,Buckley,WA,98321,465000,3,1.0,Buckley,1056,11250,1981,,440,,Sold,,,https://www.redfin.com/WA/Buckley/257-Whitmore-Way-98321/home/2956658,NWMLS as Distributed by MLS Grid,2386544,N,Y,47.1650501,-122.0153289
PAST SALE,,Single Family Residential,15218 16th Ave E,Tacoma,WA,98445,460000,3,1.0,,1828,9240,1972,,252,,,,,https://www.redfin.com/WA/Tacoma/15218-16th-Ave-E-98445/home/2921244,,,N,Y,47.1177576,-122.4074826
PAST SALE,September-15-2025,Condo/Co-op,6020 N Highlands #12,Tacoma,WA,98406,459000,2,2.0,Highlands,1128,3655,1984,,407,504,Sold,,,https://www.redfin.com/WA/Tacoma/6020-N-Highlands-Pkwy-98406/unit-12/home/2945960,NWMLS as Distributed by MLS Grid,2434155,N,Y,47.262293,-122.518075
PAST SALE,August-26-2025,Mobile/Manufactured Home,10915 245th Street Ct E,Graham,WA,98338,450000,3,2.0,Graham,1765,12600,1988,,255,,Sold,,,https://www.redfin.com/WA/Graham/10915-245th-Street-Ct-E-98338/home/2658067,NWMLS as Distributed by MLS Grid,2413091,N,Y,47.0335646,-122.2856162
PAST SALE,August-19-2025,Single Family Residential,16406 8th Avenue Ct E #36,Spanaway,WA,98387,785814,5,3.5,Spanaway,3455,11118,2025,,227,42,Sold,,,https://www.redfin.com/WA/Spanaway/16406-8th-Avenue-Ct-E-98387/unit-36/home/194254249,NWMLS as Distributed by MLS Grid,2320653,N,Y,47.1025401,-122.4199312
PAST SALE,August-12-2025,Single Family Residential,14822 14th Ave,Spanaway,WA,98387,475000,4,2.5,Bethel,1853,8001,2014,,256,33,Sold,,,https://www.redfin.com/WA/Spanaway/14822-14th-Ave-S-98387/home/18244395,NWMLS as Distributed by MLS Grid,2425655,N,Y,47.1220133,-122.453817
PAST SALE,June-6-2025,Single Family Residential,13518 125th Avenue Ct E,Puyallup,WA,98374,505000,3,2.0,South Hill,1410,10624,1985,,358,,Sold,,,https://www.redfin.com/WA/Puyallup/13518-125th-Avenue-Ct-E-98374/home/2958213,NWMLS as Distributed by MLS Grid,2389354,N,Y,47.1331529,-122.262431
PAST SALE,September-23-2025,Single Family Residential,3108 138th St E,Tacoma,WA,98446,577000,3,2.0,Summit,1600,30000,1961,,361,,Sold,,,https://www.redfin.com/WA/Tacoma/3108-138th-St-E-98446/home/22789279,NWMLS as Distributed by MLS Grid,2437769,N,Y,47.1309053,-122.3875554
PAST SALE,,Single Family Residential,4539 E C St,Tacoma,WA,98404,265000,4,1.0,,1424,7100,1925,,186,,,,,https://www.redfin.com/WA/Tacoma/4539-E-C-St-98404/home/2961955,,,N,Y,47.2154087,-122.4278515
PAST SALE,October-3-2025,Single Family Residential,1409 Amber Blvd,Puyallup,WA,98372,735000,4,3.0,Shaw Road,1409,18000,1994,,522,35,Sold,,,https://www.redfin.com/WA/Puyallup/1409-Amber-Blvd-98372/home/2926175,NWMLS as Distributed by MLS Grid,2441343,N,Y,47.1769436,-122.2510898
PAST SALE,May-30-2025,Townhouse,1204 E 53rd St,Tacoma,WA,98404,461900,3,2.5,Swan Creek,1252,1755,2025,,369,229,Sold,,,https://www.redfin.com/WA/Tacoma/1204-E-53rd-St-98404/home/188326697,NWMLS as Distributed by MLS Grid,2352992,N,Y,47.2088627,-122.4132358
PAST SALE,May-23-2025,Vacant Land,0 101st St S,,WA,98444,100000,,,Parkland,,9000,,,,,Sold,,,https://www.redfin.com/WA/Unknown/101st-St-S-98444/home/22782249,NWMLS as Distributed by MLS Grid,2381807,N,Y,47.165523,-122.454809
PAST SALE,September-12-2025,Single Family Residential,13936 180th St E #29,South Hill,WA,98374,835000,5,4.5,South Hill,3290,7405,2025,,254,125,Sold,,,https://www.redfin.com/WA/South-Hill/13936-180-St-E-98374/unit-29/home/197091186,NWMLS as Distributed by MLS Grid,2421235,N,Y,47.0903291,-122.2479599
PAST SALE,September-30-2025,Single Family Residential,13918 49th Avenue Ct NW,Gig Harbor,WA,98332,1300000,3,2.5,Canterwood,2544,9182,2005,,511,178,Sold,,,https://www.redfin.com/WA/Gig-Harbor/13918-49th-Avenue-Ct-NW-98332/home/3033491,NWMLS as Distributed by MLS Grid,2439853,N,Y,47.3852,-122.6046853
PAST SALE,June-18-2025,Single Family Residential,5101 Park Ave S,Tacoma,WA,98408,460000,2,2.0,South Tacoma,3025,6000,1925,,152,,Sold,,,https://www.redfin.com/WA/Tacoma/5101-S-Park-Ave-98408/home/2896218,NWMLS as Distributed by MLS Grid,2397754,N,Y,47.2107018,-122.4416066
PAST SALE,July-18-2025,Single Family Residential,8001 116 Street Ct SW,Lakewood,WA,98499,735000,4,3.0,Gravelly Lake,2679,7520,2018,,274,85,Sold,,,https://www.redfin.com/WA/Lakewood/8001-116th-Street-Ct-SW-98498/home/144679922,NWMLS as Distributed by MLS Grid,2396000,N,Y,47.15192,-122.543198
PAST SALE,October-27-2025,Single Family Residential,6612 162 Street Ct E,Puyallup,WA,98375,280000,2,1.0,South Hill,1744,11486,1982,,161,,Sold,,,https://www.redfin.com/WA/Puyallup/6612-162nd-Street-Ct-E-98375/home/2749991,NWMLS as Distributed by MLS Grid,2450779,N,Y,47.1086133,-122.3400185
PAST SALE,July-24-2025,Single Family Residential,8320 224th Ave E,Buckley,WA,98321,1225000,4,2.5,Buckley,3117,90169,1993,,393,,Sold,,,https://www.redfin.com/WA/Buckley/8320-224th-Ave-E-98321/home/2700286,NWMLS as Distributed by MLS Grid,2412530,N,Y,47.1815001,-122.1315801
PAST SALE,September-19-2025,Single Family Residential,14802 Wallace Ave E #667,Bonney Lake,WA,98391,490715,3,2.0,Tehaleh,1419,3745,2025,,346,88,Sold,,,https://www.redfin.com/WA/Bonney-Lake/14802-Wallace-Ave-E-98391/unit-667/home/196711997,NWMLS as Distributed by MLS Grid,2413127,N,Y,47.12028,-122.1590612
PAST SALE,August-29-2025,Single Family Residential,15306 204th Ave E,Bonney Lake,WA,98391,799900,5,3.0,Bonney Lake,2970,4223,2025,,269,,Sold,,,https://www.redfin.com/WA/Bonney-Lake/15306-204th-Ave-E-98391/home/185218966,NWMLS as Distributed by MLS Grid,2429649,N,Y,47.1168137,-122.1599502
PAST SALE,,Single Family Residential,4909 S Mullen St,Tacoma,WA,98409,350000,3,3.0,,1592,5000,2001,,220,,,,,https://www.redfin.com/WA/Tacoma/4909-S-Mullen-St-98409/home/2996735,,,N,Y,47.2124948,-122.5005468
PAST SALE,,Multi-Family (2-4 Unit),5118 54th St W,University Place,WA,98467,510000,4,3.0,,1939,23522,1976,,263,,,,,https://www.redfin.com/WA/University-Place/5118-54th-St-W-98467/home/2472762,,,N,Y,47.20745,-122.50642
PAST SALE,,Single Family Residential,7622 S Thompson Ave,Tacoma,WA,98408,341000,4,3.0,,1840,5000,1979,,185,,,,,https://www.redfin.com/WA/Tacoma/7622-S-Thompson-Ave-98408/home/2610769,,,N,Y,47.1875798,-122.4448431
PAST SALE,September-12-2025,Single Family Residential,13706 185th Street Ct E #102,South Hill,WA,98374,708977,3,2.0,Puyallup,1990,6820,2025,,356,67,Sold,,,https://www.redfin.com/WA/South-Hill/13706-185th-Street-Ct-E-98374/unit-102/home/196240094,NWMLS as Distributed by MLS Grid,2401371,N,Y,47.0871581,-122.2476011
PAST SALE,September-22-2025,Mobile/Manufactured Home,5620 112th Avenue Ct E #23,Puyallup,WA,98372,18500,3,1.0,Puyallup Valley,924,,1974,,20,,Sold,,,https://www.redfin.com/WA/Puyallup/5620-112th-Avenue-Ct-E-98372/unit-23/home/3015597,NWMLS as Distributed by MLS Grid,2432706,N,Y,47.205702,-122.2803447
PAST SALE,August-12-2025,Single Family Residential,17904 st 109 Ct E,Bonney Lake,WA,98391,400000,3,2.5,Panorama,1638,10629,2001,,244,1,Sold,,,https://www.redfin.com/WA/Bonney-Lake/17904-109th-Street-Ct-E-98391/home/3001514,NWMLS as Distributed by MLS Grid,2420826,N,Y,47.1587172,-122.1908604
PAST SALE,September-11-2025,Single Family Residential,515 2nd Ave NE,Puyallup,WA,98372,365000,2,1.0,Downtown,1008,6250,1922,,362,,Sold,,,https://www.redfin.com/WA/Puyallup/515-2nd-Ave-NE-98372/home/2995407,NWMLS as Distributed by MLS Grid,2433132,N,Y,47.1928454,-122.2868394
PAST SALE,August-20-2025,Single Family Residential,5002 W Tapps Dr E,Lake Tapps,WA,98391,810000,3,2.5,Lake Tapps,1766,17600,1978,,459,,Sold,,,https://www.redfin.com/WA/Lake-Tapps/5002-W-Tapps-Dr-E-98391/home/2893581,NWMLS as Distributed by MLS Grid,2424124,N,Y,47.2113904,-122.1829176
PAST SALE,August-7-2025,Single Family Residential,20348 150th St E #585,Bonney Lake,WA,98391,884959,5,3.5,Tehaleh,3163,6290,2025,,280,88,Sold,,,https://www.redfin.com/WA/Bonney-Lake/20348-150th-St-E-98391/unit-585/home/194823531,NWMLS as Distributed by MLS Grid,2324726,N,Y,47.1185087,-122.1584793
PAST SALE,September-22-2025,Single Family Residential,2404 Railroad St,Tacoma,WA,98409,200000,4,1.0,Tacoma,1404,5323,1955,,142,,Sold,,,https://www.redfin.com/WA/Tacoma/2404-Railroad-St-98409/home/2728049,NWMLS as Distributed by MLS Grid,2436646,N,Y,47.2076532,-122.4678942
PAST SALE,August-18-2025,Single Family Residential,6668 E Roosevelt Ave,Tacoma,WA,98404,280000,3,2.0,Se Tacoma,1452,6240,1976,,193,,Sold,,,https://www.redfin.com/WA/Tacoma/6668-E-Roosevelt-Ave-98404/home/2825827,NWMLS as Distributed by MLS Grid,2423378,N,Y,47.1960271,-122.3995732
PAST SALE,September-12-2025,Single Family Residential,29404 47th Ave E,Graham,WA,98338,540000,3,2.0,Graham,1404,73843,1998,,385,,Sold,,,https://www.redfin.com/WA/Graham/29404-47th-Ave-E-98338/home/2968440,NWMLS as Distributed by MLS Grid,2422803,N,Y,46.9892211,-122.36858
PAST SALE,June-27-2025,Single Family Residential,20352 Eagle Ln E #734,Bonney Lake,WA,98391,947452,5,3.5,Tehaleh,3163,4749,2025,,300,88,Sold,,,https://www.redfin.com/WA/Bonney-Lake/20352-Eagle-Ln-E-98391/unit-734/home/194823567,NWMLS as Distributed by MLS Grid,2335364,N,Y,47.1216271,-122.1564629
PAST SALE,July-24-2025,Single Family Residential,2711 McNeil St,Dupont,WA,98327,545000,3,2.5,Nw Landing,1712,6039,2001,,318,43,Sold,,,https://www.redfin.com/WA/DuPont/2711-McNeil-St-98327/home/2998147,NWMLS as Distributed by MLS Grid,2401873,N,Y,47.0971731,-122.662094
PAST SALE,,Single Family Residential,17519 26th Avenue Ct E,Tacoma,WA,98445,429000,4,3.0,,1877,10606,1998,,229,,,,,https://www.redfin.com/WA/Tacoma/17519-26th-Avenue-Ct-E-98445/home/2870939,,,N,Y,47.097063,-122.393495
PAST SALE,July-31-2025,Single Family Residential,2502 S 40th St,Tacoma,WA,98409,549000,2,1.5,Tacoma Mall,1326,19440,1917,,414,,Sold,,,https://www.redfin.com/WA/Tacoma/2502-S-40th-St-98409/home/2842660,NWMLS as Distributed by MLS Grid,2390249,N,Y,47.2207628,-122.4698064
PAST SALE,September-24-2025,Vacant Land,2903 Crystal Springs Rd W,University Place,WA,98466,240000,,,University Place,,6930,,,,,Sold,,,https://www.redfin.com/WA/University-Place/2903-Crystal-Springs-Rd-W-98466/home/198283662,NWMLS as Distributed by MLS Grid,2438675,N,Y,47.2332777,-122.5474122
PAST SALE,,Single Family Residential,3616 S J St,Tacoma,WA,98418,350000,5,2.0,,1616,6500,1925,,217,,,,,https://www.redfin.com/WA/Tacoma/3616-S-J-St-98418/home/2977986,,,N,Y,47.2256882,-122.4465404
PAST SALE,July-25-2025,Vacant Land,0 xx TBD,Tacoma,WA,98404,1450000,,,Tacoma,,5222,,,,,Sold,,,https://www.redfin.com/WA/Tacoma/0-xx-TBD-98404/home/196913816,NWMLS as Distributed by MLS Grid,2418567,N,Y,47.213831,-122.405773
PAST SALE,,Condo/Co-op,1786 Spencer Ct Unit E10,Dupont,WA,98327,360000,3,2.0,,1317,,2000,,273,,,,,https://www.redfin.com/WA/DuPont/1786-Spencer-Ct-98327/unit-E10/home/2996635,,,N,Y,47.0975331,-122.6446224
PAST SALE,September-28-2025,Single Family Residential,3840 A St,Tacoma,WA,98418,260000,2,1.5,Tacoma,2165,6000,1941,,120,,Sold,,,https://www.redfin.com/WA/Tacoma/3840-A-St-98418/home/2962198,NWMLS as Distributed by MLS Grid,2441697,N,Y,47.2215049,-122.4317563
PAST SALE,July-11-2025,Single Family Residential,1105 17 Ave,Milton,WA,98354,350000,4,3.0,Milton,2056,19231,1959,,170,,Sold,,,https://www.redfin.com/WA/Milton/1105-17th-Ave-98354/home/2924143,NWMLS as Distributed by MLS Grid,2360645,N,Y,47.2491228,-122.3125695
PAST SALE,October-3-2025,Single Family Residential,7930 19th St W,Tacoma,WA,98466,1625000,4,3.5,University Place,3857,9900,2024,,421,,Sold,,,https://www.redfin.com/WA/Tacoma/7930-19th-St-W-98466/home/160936922,NWMLS as Distributed by MLS Grid,2442126,N,Y,47.2424982,-122.5437975
PAST SALE,June-13-2025,Mobile/Manufactured Home,40304 123rd Avenue Ct E,Eatonville,WA,98238,420000,3,2.0,Eatonville,1792,54450,2002,,234,,Sold,,,https://www.redfin.com/WA/Eatonville/40304-123rd-Avenue-Ct-E-98328/home/2638059,NWMLS as Distributed by MLS Grid,2393615,N,Y,46.8894311,-122.269903
PAST SALE,September-9-2025,Single Family Residential,15051 183rd Ave E,Bonney Lake,WA,98391,929000,3,3.5,Tehaleh,2270,6906,2021,,409,390,Sold,,,https://www.redfin.com/WA/Bonney-Lake/15051-183rd-Ave-E-98391/home/173583787,NWMLS as Distributed by MLS Grid,2432954,N,Y,47.1176892,-122.1902027
PAST SALE,October-6-2025,Single Family Residential,2125 157th Street Ct E,Tacoma,WA,98445,275000,4,2.5,Tacoma,1528,484,1986,,180,,Sold,,,https://www.redfin.com/WA/Tacoma/2125-157th-Street-Ct-E-98445/home/2833889,NWMLS as Distributed by MLS Grid,2443276,N,Y,47.1139162,-122.4002826
PAST SALE,August-19-2025,Vacant Land,22525 S Herron Blvd NW,Lakebay,WA,98349,100000,,,Herron Island,,11300,,,,320,Sold,,,https://www.redfin.com/WA/Lakebay/22525-S-Herron-Blvd-NW-98349/home/2833319,NWMLS as Distributed by MLS Grid,2423197,N,Y,47.2578039,-122.8377942
PAST SALE,July-30-2025,Single Family Residential,6724 36th Street Ct NW,Gig Harbor,WA,98335,650500,3,2.5,Artondale,1704,12318,1994,,382,,Sold,,,https://www.redfin.com/WA/Gig-Harbor/6724-36th-Street-Ct-NW-98335/home/2989446,NWMLS as Distributed by MLS Grid,2416143,N,Y,47.29026,-122.629421
PAST SALE,July-22-2025,Single Family Residential,7920 State Route 302 Rd NW,Gig Harbor,WA,98329,1400000,3,2.5,Wauna,2228,63184,1959,,628,,Sold,,,https://www.redfin.com/WA/Gig-Harbor/7920-State-Route-302-NW-98329/home/104456757,NWMLS as Distributed by MLS Grid,2411005,N,Y,47.3782307,-122.644662
PAST SALE,,Mobile/Manufactured Home,2920 35th Avenue Ct E #29,Tacoma,WA,98443,57000,2,2.0,,1330,,1976,,43,,,,,https://www.redfin.com/WA/Tacoma/2920-35th-Avenue-Ct-E-98443/unit-29/home/3011558,,,N,Y,47.2301358,-122.3818491
PAST SALE,May-28-2025,Vacant Land,5503 19th St. Ct NW,Gig Harbor,WA,98335,825000,,,Cromwell,,55000,,,,,Sold,,,https://www.redfin.com/WA/Gig-Harbor/5503-19th-Street-Ct-NW-98335/home/22768072,NWMLS as Distributed by MLS Grid,2372206,N,Y,47.27535,-122.61151
PAST SALE,May-23-2025,Mobile/Manufactured Home,23808 41st Ave E,Spanaway,WA,98387,415000,3,2.0,Spanaway,1576,112385,1977,,263,,Sold,,,https://www.redfin.com/WA/Spanaway/23808-41st-Ave-E-98387/home/2542465,NWMLS as Distributed by MLS Grid,2380947,N,Y,47.039977,-122.3762625
PAST SALE,,Single Family Residential,18710 83rd Ave E,Puyallup,WA,98375,350000,3,3.0,,1856,5775,1999,,189,,,,,https://www.redfin.com/WA/Puyallup/18710-83rd-Ave-E-98375/home/2932789,,,N,Y,47.0862167,-122.3191714
